PatchID,XCOORD,YCOORD,ID,MID,FID,sex,age,size,mature,newmature,layeggs,capture,recapture,state,CDist,Hindex,Species,ClassFile,SubPatchID,L0A0,L0A1,L1A0,L1A1
1,2540470.832,712452.2021,R1_F1_m-1f-1_P1_Y-1_U0,-9999,-9999,FXX,3,111.56935357388369,1,0,2.0,0,0,0,-9999.0,0.0,1,P0_CV0,1,0,2,1,1
1,2540470.832,712452.2021,R1_F1_m-1f-1_P1_Y-1_U1,-9999,-9999,MXY,2,69.446614514238,1,0,0.0,0,0,0,-9999.0,0.0,1,P0_CV0,1,0,2,1,1
1,2540470.832,712452.2021,R1_F1_m-1f-1_P1_Y-1_U2,-9999,-9999,MXY,1,53.597132219488216,0,0,0.0,0,0,0,-9999.0,0.0,1,P0_CV0,1,0,2,1,1
1,2540470.832,712452.2021,R1_F1_m-1f-1_P1_Y-1_U3,-9999,-9999,FXX,2,79.979614514238,1,0,2.0,0,0,0,-9999.0,0.0,1,P0_CV0,1,0,2,1,1
1,2540470.832,712452.2021,R1_F1_m-1f-1_P1_Y-1_U4,-9999,-9999,MXY,1,53.597132219488216,0,0,0.0,0,0,0,-9999.0,0.0,1,P0_CV0,1,0,2,0,2
1,2540470.832,712452.2021,R1_F1_m-1f-1_P1_Y-1_U5,-9999,-9999,FXX,2,74.545614514238,1,0,0.0,0,0,0,-9999.0,0.5,1,P0_CV0,1,1,1,1,1
1,2540470.832,712452.2021,R1_F1_m-1f-1_P1_Y-1_U6,-9999,-9999,FXX,2,78.118614514238,1,0,1.0,0,0,0,-9999.0,0.0,1,P0_CV0,1,0,2,1,1
1,2540470.832,712452.2021,R1_F1_m-1f-1_P1_Y-1_U7,-9999,-9999,FXX,2,78.941614514238,1,0,2.0,0,0,0,-9999.0,0.0,1,P0_CV0,1,0,2,0,2
1,2540470.832,712452.2021,R1_F1_m-1f-1_P1_Y-1_U8,-9999,-9999,FXX,4,143.7096438586079,1,0,0.0,0,0,0,-9999.0,1.0,1,P0_CV0,1,2,0,1,1
1,2540470.832,712452.2021,R1_F1_m-1f-1_P1_Y-1_U9,-9999,-9999,FXX,2,80.569614514238,1,0,1.0,0,0,0,-9999.0,0.5,1,P0_CV0,1,1,1,1,1
1,2540470.832,712452.2021,R1_F1_m-1f-1_P1_Y-1_U10,-9999,-9999,MXY,1,53.597132219488216,0,0,0.0,0,0,0,-9999.0,0.0,1,P0_CV0,1,0,2,0,2
1,2540470.832,712452.2021,R1_F1_m-1f-1_P1_Y-1_U11,-9999,-9999,MXY,2,72.119614514238,1,0,0.0,0,0,0,-9999.0,0.5,1,P0_CV0,1,1,1,1,1
1,2540470.832,712452.2021,R1_F1_m-1f-1_P1_Y-1_U12,-9999,-9999,FXX,1,53.597132219488216,0,0,0.0,0,0,0,-9999.0,0.0,1,P0_CV0,1,0,2,1,1
1,2540470.832,712452.2021,R1_F1_m-1f-1_P1_Y-1_U13,-9999,-9999,FXX,1,53.597132219488216,0,0,0.0,0,0,0,-9999.0,0.0,1,P0_CV0,1,0,2,1,1
1,2540470.832,712452.2021,R1_F1_m-1f-1_P1_Y-1_U14,-9999,-9999,FXX,2,81.849614514238,1,0,1.0,0,0,0,-9999.0,1.0,1,P0_CV0,1,2,0,1,1
1,2540470.832,712452.2021,R1_F1_m-1f-1_P1_Y-1_U15,-9999,-9999,FXX,2,76.385614514238,1,0,1.0,0,0,0,-9999.0,0.0,1,P0_CV0,1,0,2,1,1
1,2540470.832,712452.2021,R1_F1_m-1f-1_P1_Y-1_U16,-9999,-9999,MXY,2,79.610614514238,1,0,0.0,0,0,0,-9999.0,0.5,1,P0_CV0,1,1,1,2,0
1,2540470.832,712452.2021,R1_F1_m-1f-1_P1_Y-1_U17,-9999,-9999,FXX,1,53.597132219488216,0,0,0.0,0,0,0,-9999.0,0.5,1,P0_CV0,1,1,1,1,1
1,2540470.832,712452.2021,R1_F1_m-1f-1_P1_Y-1_U18,-9999,-9999,FXX,2,67.47761451423798,1,0,0.0,0,0,0,-9999.0,0.0,1,P0_CV0,1,0,2,1,1
1,2540470.832,712452.2021,R1_F1_m-1f-1_P1_Y-1_U19,-9999,-9999,MXY,3,111.56935357388369,1,0,0.0,0,0,0,-9999.0,0.5,1,P0_CV0,1,1,1,2,0
1,2540470.832,712452.2021,R1_F1_m-1f-1_P1_Y-1_U20,-9999,-9999,MXY,1,53.597132219488216,0,0,0.0,0,0,0,-9999.0,0.0,1,P0_CV0,1,0,2,1,1
1,2540470.832,712452.2021,R1_F1_m-1f-1_P1_Y-1_U21,-9999,-9999,FXX,2,77.706614514238,1,0,0.0,0,0,0,-9999.0,0.0,1,P0_CV0,1,0,2,2,0
1,2540470.832,712452.2021,R1_F1_m-1f-1_P1_Y-1_U22,-9999,-9999,MXY,1,53.597132219488216,0,0,0.0,0,0,0,-9999.0,0.0,1,P0_CV0,1,0,2,1,1
1,2540470.832,712452.2021,R1_F1_m-1f-1_P1_Y-1_U23,-9999,-9999,MXY,1,53.597132219488216,0,0,0.0,0,0,0,-9999.0,0.5,1,P0_CV0,1,1,1,0,2
1,2540470.832,712452.2021,R1_F1_m-1f-1_P1_Y-1_U24,-9999,-9999,FXX,2,74.290614514238,1,0,0.0,0,0,0,-9999.0,0.5,1,P0_CV0,1,1,1,2,0
1,2540470.832,712452.2021,R1_F1_m-1f-1_P1_Y-1_U25,-9999,-9999,FXX,1,53.597132219488216,0,0,0.0,0,0,0,-9999.0,0.5,1,P0_CV0,1,1,1,2,0
1,2540470.832,712452.2021,R1_F1_m-1f-1_P1_Y-1_U26,-9999,-9999,FXX,2,74.12761451423799,1,0,0.0,0,0,0,-9999.0,1.0,1,P0_CV0,1,2,0,0,2
1,2540470.832,712452.2021,R1_F1_m-1f-1_P1_Y-1_U27,-9999,-9999,MXY,1,53.597132219488216,0,0,0.0,0,0,0,-9999.0,0.5,1,P0_CV0,1,1,1,2,0
1,2540470.832,712452.2021,R1_F1_m-1f-1_P1_Y-1_U28,-9999,-9999,MXY,1,53.597132219488216,0,0,0.0,0,0,0,-9999.0,0.0,1,P0_CV0,1,0,2,1,1
1,2540470.832,712452.2021,R1_F1_m-1f-1_P1_Y-1_U29,-9999,-9999,FXX,2,82.37061451423799,1,0,1.0,0,0,0,-9999.0,0.0,1,P0_CV0,1,0,2,2,0
1,2540470.832,712452.2021,R1_F1_m-1f-1_P1_Y-1_U30,-9999,-9999,FXX,3,111.56935357388369,1,0,1.0,0,0,0,-9999.0,0.5,1,P0_CV0,1,1,1,0,2
1,2540470.832,712452.2021,R1_F1_m-1f-1_P1_Y-1_U31,-9999,-9999,MXY,3,111.56935357388369,1,0,0.0,0,0,0,-9999.0,0.0,1,P0_CV0,1,0,2,0,2
1,2540470.832,712452.2021,R1_F1_m-1f-1_P1_Y-1_U32,-9999,-9999,FXX,6,213.65484079205905,1,0,0.0,0,0,0,-9999.0,0.0,1,P0_CV0,1,0,2,1,1
1,2540470.832,712452.2021,R1_F1_m-1f-1_P1_Y-1_U33,-9999,-9999,FXX,2,91.10761451423801,1,0,0.0,0,0,0,-9999.0,0.0,1,P0_CV0,1,0,2,2,0
1,2540470.832,712452.2021,R1_F1_m-1f-1_P1_Y-1_U34,-9999,-9999,FXX,1,53.597132219488216,0,0,0.0,0,0,0,-9999.0,0.5,1,P0_CV0,1,1,1,0,2
1,2540470.832,712452.2021,R1_F1_m-1f-1_P1_Y-1_U35,-9999,-9999,FXX,1,53.597132219488216,0,0,0.0,0,0,0,-9999.0,0.5,1,P0_CV0,1,1,1,1,1
1,2540470.832,712452.2021,R1_F1_m-1f-1_P1_Y-1_U36,-9999,-9999,MXY,2,80.725614514238,1,0,0.0,0,0,0,-9999.0,0.0,1,P0_CV0,1,0,2,2,0
1,2540470.832,712452.2021,R1_F1_m-1f-1_P1_Y-1_U37,-9999,-9999,FXX,1,53.597132219488216,0,0,0.0,0,0,0,-9999.0,0.0,1,P0_CV0,1,0,2,2,0
1,2540470.832,712452.2021,R1_F1_m-1f-1_P1_Y-1_U38,-9999,-9999,FXX,2,72.280614514238,1,0,3.0,0,0,0,-9999.0,0.0,1,P0_CV0,1,0,2,1,1
1,2540470.832,712452.2021,R1_F1_m-1f-1_P1_Y-1_U39,-9999,-9999,FXX,1,53.597132219488216,0,0,0.0,0,0,0,-9999.0,0.5,1,P0_CV0,1,1,1,1,1
1,2540470.832,712452.2021,R1_F1_m-1f-1_P1_Y-1_U40,-9999,-9999,MXY,1,53.597132219488216,0,0,0.0,0,0,0,-9999.0,0.5,1,P0_CV0,1,1,1,0,2
1,2540470.832,712452.2021,R1_F1_m-1f-1_P1_Y-1_U41,-9999,-9999,FXX,1,53.597132219488216,0,0,0.0,0,0,0,-9999.0,1.0,1,P0_CV0,1,2,0,2,0
1,2540470.832,712452.2021,R1_F1_m-1f-1_P1_Y-1_U42,-9999,-9999,MXY,1,53.597132219488216,0,0,0.0,0,0,0,-9999.0,0.0,1,P0_CV0,1,0,2,0,2
1,2540470.832,712452.2021,R1_F1_m-1f-1_P1_Y-1_U43,-9999,-9999,MXY,1,53.597132219488216,0,0,0.0,0,0,0,-9999.0,0.0,1,P0_CV0,1,0,2,0,2
1,2540470.832,712452.2021,R1_F1_m-1f-1_P1_Y-1_U44,-9999,-9999,FXX,1,53.597132219488216,0,0,0.0,0,0,0,-9999.0,0.5,1,P0_CV0,1,1,1,0,2
1,2540470.832,712452.2021,R1_F1_m-1f-1_P1_Y-1_U45,-9999,-9999,FXX,4,147.59964385860792,1,0,3.0,0,0,0,-9999.0,0.0,1,P0_CV0,1,0,2,2,0
1,2540470.832,712452.2021,R1_F1_m-1f-1_P1_Y-1_U46,-9999,-9999,MXY,1,53.597132219488216,0,0,0.0,0,0,0,-9999.0,0.0,1,P0_CV0,1,0,2,2,0
1,2540470.832,712452.2021,R1_F1_m-1f-1_P1_Y-1_U47,-9999,-9999,FXX,1,53.597132219488216,0,0,0.0,0,0,0,-9999.0,0.5,1,P0_CV0,1,1,1,1,1
1,2540470.832,712452.2021,R1_F1_m-1f-1_P1_Y-1_U48,-9999,-9999,MXY,1,53.597132219488216,0,0,0.0,0,0,0,-9999.0,0.0,1,P0_CV0,1,0,2,1,1
1,2540470.832,712452.2021,R1_F1_m-1f-1_P1_Y-1_U49,-9999,-9999,FXX,1,53.597132219488216,0,0,0.0,0,0,0,-9999.0,0.5,1,P0_CV0,1,1,1,1,1
1,2540470.832,712452.2021,R1_F1_m-1f-1_P1_Y-1_U50,-9999,-9999,FXX,1,53.597132219488216,0,0,0.0,0,0,0,-9999.0,0.0,1,P0_CV0,1,0,2,0,2
1,2540470.832,712452.2021,R1_F1_m-1f-1_P1_Y-1_U51,-9999,-9999,FXX,1,53.597132219488216,0,0,0.0,0,0,0,-9999.0,0.5,1,P0_CV0,1,1,1,0,2
1,2540470.832,712452.2021,R1_F1_m-1f-1_P1_Y-1_U52,-9999,-9999,FXX,1,53.597132219488216,0,0,0.0,0,0,0,-9999.0,0.5,1,P0_CV0,1,1,1,1,1
1,2540470.832,712452.2021,R1_F1_m-1f-1_P1_Y-1_U53,-9999,-9999,FXX,2,79.054614514238,1,0,1.0,0,0,0,-9999.0,0.0,1,P0_CV0,1,0,2,1,1
1,2540470.832,712452.2021,R1_F1_m-1f-1_P1_Y-1_U54,-9999,-9999,MXY,1,53.597132219488216,0,0,0.0,0,0,0,-9999.0,0.0,1,P0_CV0,1,0,2,2,0
1,2540470.832,712452.2021,R1_F1_m-1f-1_P1_Y-1_U55,-9999,-9999,MXY,1,53.597132219488216,0,0,0.0,0,0,0,-9999.0,0.0,1,P0_CV0,1,0,2,0,2
1,2540470.832,712452.2021,R1_F1_m-1f-1_P1_Y-1_U56,-9999,-9999,FXX,1,53.597132219488216,0,0,0.0,0,0,0,-9999.0,0.0,1,P0_CV0,1,0,2,2,0
1,2540470.832,712452.2021,R1_F1_m-1f-1_P1_Y-1_U57,-9999,-9999,MXY,4,131.8146438586079,1,0,0.0,0,0,0,-9999.0,0.0,1,P0_CV0,1,0,2,1,1
1,2540470.832,712452.2021,R1_F1_m-1f-1_P1_Y-1_U58,-9999,-9999,MXY,5,169.47378626339653,1,0,0.0,0,0,0,-9999.0,1.0,1,P0_CV0,1,2,0,1,1
1,2540470.832,712452.2021,R1_F1_m-1f-1_P1_Y-1_U59,-9999,-9999,FXX,1,53.597132219488216,0,0,0.0,0,0,0,-9999.0,0.0,1,P0_CV0,1,0,2,1,1
1,2540470.832,712452.2021,R1_F1_m-1f-1_P1_Y-1_U60,-9999,-9999,MXY,1,53.597132219488216,0,0,0.0,0,0,0,-9999.0,0.5,1,P0_CV0,1,1,1,0,2
1,2540470.832,712452.2021,R1_F1_m-1f-1_P1_Y-1_U61,-9999,-9999,FXX,3,111.56935357388369,1,0,0.0,0,0,0,-9999.0,0.0,1,P0_CV0,1,0,2,0,2
1,2540470.832,712452.2021,R1_F1_m-1f-1_P1_Y-1_U62,-9999,-9999,MXY,1,53.597132219488216,0,0,0.0,0,0,0,-9999.0,0.5,1,P0_CV0,1,1,1,0,2
1,2540470.832,712452.2021,R1_F1_m-1f-1_P1_Y-1_U63,-9999,-9999,FXX,1,53.597132219488216,0,0,0.0,0,0,0,-9999.0,0.5,1,P0_CV0,1,1,1,1,1
1,2540470.832,712452.2021,R1_F1_m-1f-1_P1_Y-1_U64,-9999,-9999,MXY,1,53.597132219488216,0,0,0.0,0,0,0,-9999.0,0.0,1,P0_CV0,1,0,2,0,2
1,2540470.832,712452.2021,R1_F1_m-1f-1_P1_Y-1_U65,-9999,-9999,MXY,1,53.597132219488216,0,0,0.0,0,0,0,-9999.0,0.0,1,P0_CV0,1,0,2,2,0
1,2540470.832,712452.2021,R1_F1_m-1f-1_P1_Y-1_U66,-9999,-9999,FXX,1,53.597132219488216,0,0,0.0,0,0,0,-9999.0,0.0,1,P0_CV0,1,0,2,1,1
1,2540470.832,712452.2021,R1_F1_m-1f-1_P1_Y-1_U67,-9999,-9999,MXY,1,53.597132219488216,0,0,0.0,0,0,0,-9999.0,0.0,1,P0_CV0,1,0,2,0,2
1,2540470.832,712452.2021,R1_F1_m-1f-1_P1_Y-1_U68,-9999,-9999,FXX,1,53.597132219488216,0,0,0.0,0,0,0,-9999.0,0.5,1,P0_CV0,1,1,1,0,2
1,2540470.832,712452.2021,R1_F1_m-1f-1_P1_Y-1_U69,-9999,-9999,MXY,1,53.597132219488216,0,0,0.0,0,0,0,-9999.0,0.5,1,P0_CV0,1,1,1,1,1
1,2540470.832,712452.2021,R1_F1_m-1f-1_P1_Y-1_U70,-9999,-9999,FXX,2,71.884614514238,1,0,3.0,0,0,0,-9999.0,0.0,1,P0_CV0,1,0,2,1,1
1,2540470.832,712452.2021,R1_F1_m-1f-1_P1_Y-1_U71,-9999,-9999,FXX,2,68.462614514238,1,0,2.0,0,0,0,-9999.0,0.0,1,P0_CV0,1,0,2,0,2
1,2540470.832,712452.2021,R1_F1_m-1f-1_P1_Y-1_U72,-9999,-9999,FXX,3,111.56935357388369,1,0,0.0,0,0,0,-9999.0,0.5,1,P0_CV0,1,1,1,1,1
1,2540470.832,712452.2021,R1_F1_m-1f-1_P1_Y-1_U73,-9999,-9999,MXY,2,87.242614514238,1,0,0.0,0,0,0,-9999.0,1.0,1,P0_CV0,1,2,0,1,1
1,2540470.832,712452.2021,R1_F1_m-1f-1_P1_Y-1_U74,-9999,-9999,MXY,3,111.56935357388369,1,0,0.0,0,0,0,-9999.0,1.0,1,P0_CV0,1,2,0,0,2
1,2540470.832,712452.2021,R1_F1_m-1f-1_P1_Y-1_U75,-9999,-9999,FXX,1,53.597132219488216,0,0,0.0,0,0,0,-9999.0,0.0,1,P0_CV0,1,0,2,1,1
1,2540470.832,712452.2021,R1_F1_m-1f-1_P1_Y-1_U76,-9999,-9999,MXY,3,111.56935357388369,1,0,0.0,0,0,0,-9999.0,0.0,1,P0_CV0,1,0,2,0,2
1,2540470.832,712452.2021,R1_F1_m-1f-1_P1_Y-1_U77,-9999,-9999,FXX,1,53.597132219488216,0,0,0.0,0,0,0,-9999.0,0.0,1,P0_CV0,1,0,2,0,2
1,2540470.832,712452.2021,R1_F1_m-1f-1_P1_Y-1_U78,-9999,-9999,FXX,2,72.280614514238,1,0,1.0,0,0,0,-9999.0,0.0,1,P0_CV0,1,0,2,0,2
1,2540470.832,712452.2021,R1_F1_m-1f-1_P1_Y-1_U79,-9999,-9999,FXX,1,53.597132219488216,0,0,0.0,0,0,0,-9999.0,0.0,1,P0_CV0,1,0,2,2,0
1,2540470.832,712452.2021,R1_F1_m-1f-1_P1_Y-1_U80,-9999,-9999,FXX,3,111.56935357388369,1,0,1.0,0,0,0,-9999.0,0.0,1,P0_CV0,1,0,2,0,2
1,2540470.832,712452.2021,R1_F1_m-1f-1_P1_Y-1_U81,-9999,-9999,FXX,1,53.597132219488216,0,0,0.0,0,0,0,-9999.0,0.0,1,P0_CV0,1,0,2,1,1
1,2540470.832,712452.2021,R1_F1_m-1f-1_P1_Y-1_U82,-9999,-9999,MXY,3,111.56935357388369,1,0,0.0,0,0,0,-9999.0,0.0,1,P0_CV0,1,0,2,0,2
1,2540470.832,712452.2021,R1_F1_m-1f-1_P1_Y-1_U83,-9999,-9999,MXY,3,111.56935357388369,1,0,0.0,0,0,0,-9999.0,0.0,1,P0_CV0,1,0,2,1,1
1,2540470.832,712452.2021,R1_F1_m-1f-1_P1_Y-1_U84,-9999,-9999,MXY,2,78.302614514238,1,0,0.0,0,0,0,-9999.0,0.0,1,P0_CV0,1,0,2,1,1
1,2540470.832,712452.2021,R1_F1_m-1f-1_P1_Y-1_U85,-9999,-9999,MXY,1,53.597132219488216,0,0,0.0,0,0,0,-9999.0,0.0,1,P0_CV0,1,0,2,1,1
1,2540470.832,712452.2021,R1_F1_m-1f-1_P1_Y-1_U86,-9999,-9999,MXY,4,143.54564385860792,1,0,0.0,0,0,0,-9999.0,1.0,1,P0_CV0,1,2,0,1,1
1,2540470.832,712452.2021,R1_F1_m-1f-1_P1_Y-1_U87,-9999,-9999,MXY,3,111.56935357388369,1,0,0.0,0,0,0,-9999.0,0.5,1,P0_CV0,1,1,1,1,1
1,2540470.832,712452.2021,R1_F1_m-1f-1_P1_Y-1_U88,-9999,-9999,MXY,3,111.56935357388369,1,0,0.0,0,0,0,-9999.0,1.0,1,P0_CV0,1,2,0,2,0
1,2540470.832,712452.2021,R1_F1_m-1f-1_P1_Y-1_U89,-9999,-9999,FXX,2,90.725614514238,1,0,0.0,0,0,0,-9999.0,0.5,1,P0_CV0,1,1,1,1,1
1,2540470.832,712452.2021,R1_F1_m-1f-1_P1_Y-1_U90,-9999,-9999,MXY,5,151.22878626339653,1,0,0.0,0,0,0,-9999.0,0.5,1,P0_CV0,1,1,1,1,1
1,2540470.832,712452.2021,R1_F1_m-1f-1_P1_Y-1_U91,-9999,-9999,MXY,1,53.597132219488216,0,0,0.0,0,0,0,-9999.0,1.0,1,P0_CV0,1,2,0,0,2
1,2540470.832,712452.2021,R1_F1_m-1f-1_P1_Y-1_U92,-9999,-9999,FXX,4,141.8026438586079,1,0,3.0,0,0,0,-9999.0,0.5,1,P0_CV0,1,1,1,1,1
1,2540470.832,712452.2021,R1_F1_m-1f-1_P1_Y-1_U93,-9999,-9999,MXY,3,111.56935357388369,1,0,0.0,0,0,0,-9999.0,0.0,1,P0_CV0,1,0,2,1,1
1,2540470.832,712452.2021,R1_F1_m-1f-1_P1_Y-1_U94,-9999,-9999,FXX,2,78.51761451423799,1,0,1.0,0,0,0,-9999.0,0.5,1,P0_CV0,1,1,1,1,1
1,2540470.832,712452.2021,R1_F1_m-1f-1_P1_Y-1_U95,-9999,-9999,MXY,3,111.56935357388369,1,0,0.0,0,0,0,-9999.0,0.0,1,P0_CV0,1,0,2,0,2
1,2540470.832,712452.2021,R1_F1_m-1f-1_P1_Y-1_U96,-9999,-9999,FXX,2,80.08461451423798,1,0,1.0,0,0,0,-9999.0,0.5,1,P0_CV0,1,1,1,2,0
1,2540470.832,712452.2021,R1_F1_m-1f-1_P1_Y-1_U97,-9999,-9999,MXY,1,53.597132219488216,0,0,0.0,0,0,0,-9999.0,0.0,1,P0_CV0,1,0,2,1,1
1,2540470.832,712452.2021,R1_F1_m-1f-1_P1_Y-1_U98,-9999,-9999,FXX,1,53.597132219488216,0,0,0.0,0,0,0,-9999.0,0.0,1,P0_CV0,1,0,2,0,2
1,2540470.832,712452.2021,R1_F1_m-1f-1_P1_Y-1_U99,-9999,-9999,FXX,1,53.597132219488216,0,0,0.0,0,0,0,-9999.0,0.5,1,P0_CV0,1,1,1,0,2
1,2540470.832,712452.2021,R1_F1_m-1f-1_P1_Y-1_U100,-9999,-9999,FXX,1,53.597132219488216,0,0,0.0,0,0,0,-9999.0,0.0,1,P0_CV0,1,0,2,2,0
1,2540470.832,712452.2021,R1_F1_m-1f-1_P1_Y-1_U101,-9999,-9999,FXX,1,53.597132219488216,0,0,0.0,0,0,0,-9999.0,0.5,1,P0_CV0,1,1,1,2,0
1,2540470.832,712452.2021,R1_F1_m-1f-1_P1_Y-1_U102,-9999,-9999,FXX,2,82.02961451423799,1,0,1.0,0,0,0,-9999.0,0.0,1,P0_CV0,1,0,2,1,1
1,2540470.832,712452.2021,R1_F1_m-1f-1_P1_Y-1_U103,-9999,-9999,MXY,1,53.597132219488216,0,0,0.0,0,0,0,-9999.0,0.5,1,P0_CV0,1,1,1,1,1
1,2540470.832,712452.2021,R1_F1_m-1f-1_P1_Y-1_U104,-9999,-9999,FXX,3,111.56935357388369,1,0,3.0,0,0,0,-9999.0,0.5,1,P0_CV0,1,1,1,1,1
1,2540470.832,712452.2021,R1_F1_m-1f-1_P1_Y-1_U105,-9999,-9999,FXX,2,77.393614514238,1,0,1.0,0,0,0,-9999.0,0.0,1,P0_CV0,1,0,2,2,0
1,2540470.832,712452.2021,R1_F1_m-1f-1_P1_Y-1_U106,-9999,-9999,MXY,1,53.597132219488216,0,0,0.0,0,0,0,-9999.0,0.5,1,P0_CV0,1,1,1,1,1
1,2540470.832,712452.2021,R1_F1_m-1f-1_P1_Y-1_U107,-9999,-9999,FXX,1,53.597132219488216,0,0,0.0,0,0,0,-9999.0,0.5,1,P0_CV0,1,1,1,0,2
1,2540470.832,712452.2021,R1_F1_m-1f-1_P1_Y-1_U108,-9999,-9999,FXX,1,53.597132219488216,0,0,0.0,0,0,0,-9999.0,0.0,1,P0_CV0,1,0,2,1,1
1,2540470.832,712452.2021,R1_F1_m-1f-1_P1_Y-1_U109,-9999,-9999,MXY,1,53.597132219488216,0,0,0.0,0,0,0,-9999.0,0.0,1,P0_CV0,1,0,2,1,1
1,2540470.832,712452.2021,R1_F1_m-1f-1_P1_Y-1_U110,-9999,-9999,MXY,1,53.597132219488216,0,0,0.0,0,0,0,-9999.0,0.0,1,P0_CV0,1,0,2,1,1
1,2540470.832,712452.2021,R1_F1_m-1f-1_P1_Y-1_U111,-9999,-9999,FXX,1,53.597132219488216,0,0,0.0,0,0,0,-9999.0,0.5,1,P0_CV0,1,1,1,2,0
1,2540470.832,712452.2021,R1_F1_m-1f-1_P1_Y-1_U112,-9999,-9999,MXY,3,111.56935357388369,1,0,0.0,0,0,0,-9999.0,0.0,1,P0_CV0,1,0,2,1,1
1,2540470.832,712452.2021,R1_F1_m-1f-1_P1_Y-1_U113,-9999,-9999,FXX,3,111.56935357388369,1,0,1.0,0,0,0,-9999.0,0.5,1,P0_CV0,1,1,1,1,1
1,2540470.832,712452.2021,R1_F1_m-1f-1_P1_Y-1_U114,-9999,-9999,FXX,1,53.597132219488216,0,0,0.0,0,0,0,-9999.0,0.0,1,P0_CV0,1,0,2,1,1
1,2540470.832,712452.2021,R1_F1_m-1f-1_P1_Y-1_U115,-9999,-9999,MXY,1,53.597132219488216,0,0,0.0,0,0,0,-9999.0,0.0,1,P0_CV0,1,0,2,0,2
1,2540470.832,712452.2021,R1_F1_m-1f-1_P1_Y-1_U116,-9999,-9999,FXX,2,78.391614514238,1,0,2.0,0,0,0,-9999.0,0.0,1,P0_CV0,1,0,2,1,1
1,2540470.832,712452.2021,R1_F1_m-1f-1_P1_Y-1_U117,-9999,-9999,FXX,2,71.29361451423799,1,0,0.0,0,0,0,-9999.0,0.0,1,P0_CV0,1,0,2,1,1
1,2540470.832,712452.2021,R1_F1_m-1f-1_P1_Y-1_U118,-9999,-9999,FXX,2,75.655614514238,1,0,0.0,0,0,0,-9999.0,0.5,1,P0_CV0,1,1,1,1,1
1,2540470.832,712452.2021,R1_F1_m-1f-1_P1_Y-1_U119,-9999,-9999,FXX,1,53.597132219488216,0,0,0.0,0,0,0,-9999.0,0.5,1,P0_CV0,1,1,1,1,1
1,2540470.832,712452.2021,R1_F1_m-1f-1_P1_Y-1_U120,-9999,-9999,MXY,2,82.10361451423799,1,0,0.0,0,0,0,-9999.0,0.5,1,P0_CV0,1,1,1,2,0
1,2540470.832,712452.2021,R1_F1_m-1f-1_P1_Y-1_U121,-9999,-9999,FXX,1,53.597132219488216,0,0,0.0,0,0,0,-9999.0,0.5,1,P0_CV0,1,1,1,2,0
1,2540470.832,712452.2021,R1_F1_m-1f-1_P1_Y-1_U122,-9999,-9999,FXX,3,111.56935357388369,1,0,0.0,0,0,0,-9999.0,0.5,1,P0_CV0,1,1,1,1,1
1,2540470.832,712452.2021,R1_F1_m-1f-1_P1_Y-1_U123,-9999,-9999,MXY,2,78.24561451423799,1,0,0.0,0,0,0,-9999.0,0.0,1,P0_CV0,1,0,2,1,1
1,2540470.832,712452.2021,R1_F1_m-1f-1_P1_Y-1_U124,-9999,-9999,FXX,1,53.597132219488216,0,0,0.0,0,0,0,-9999.0,0.5,1,P0_CV0,1,1,1,0,2
2,2536859.926,708059.4624,R2_F2_m-1f-1_P2_Y-1_U0,-9999,-9999,MXY,1,31.381660486011953,0,0,0.0,0,0,0,-9999.0,1.0,1,P1_CV0,1,2,0,2,0
2,2536859.926,708059.4624,R2_F2_m-1f-1_P2_Y-1_U1,-9999,-9999,MXY,1,31.381660486011953,0,0,0.0,0,0,0,-9999.0,0.5,1,P1_CV0,1,1,1,2,0
2,2536859.926,708059.4624,R2_F2_m-1f-1_P2_Y-1_U2,-9999,-9999,FXX,1,31.381660486011953,0,0,0.0,0,0,0,-9999.0,0.5,1,P1_CV0,1,1,1,0,2
2,2536859.926,708059.4624,R2_F2_m-1f-1_P2_Y-1_U3,-9999,-9999,FXX,3,92.40791607444142,1,0,2.0,0,0,0,-9999.0,0.0,1,P1_CV0,1,0,2,1,1
2,2536859.926,708059.4624,R2_F2_m-1f-1_P2_Y-1_U4,-9999,-9999,FXX,2,57.455275618409644,1,0,2.0,0,0,0,-9999.0,0.0,1,P1_CV0,1,0,2,2,0
2,2536859.926,708059.4624,R2_F2_m-1f-1_P2_Y-1_U5,-9999,-9999,MXY,2,57.33527561840964,1,0,0.0,0,0,0,-9999.0,0.0,1,P1_CV0,1,0,2,0,2
2,2536859.926,708059.4624,R2_F2_m-1f-1_P2_Y-1_U6,-9999,-9999,FXX,2,52.87427561840964,1,0,2.0,0,0,0,-9999.0,0.0,1,P1_CV0,1,0,2,1,1
2,2536859.926,708059.4624,R2_F2_m-1f-1_P2_Y-1_U7,-9999,-9999,MXY,1,31.381660486011953,0,0,0.0,0,0,0,-9999.0,0.0,1,P1_CV0,1,0,2,1,1
2,2536859.926,708059.4624,R2_F2_m-1f-1_P2_Y-1_U8,-9999,-9999,MXY,3,92.40791607444142,1,0,0.0,0,0,0,-9999.0,0.5,1,P1_CV0,1,1,1,1,1
2,2536859.926,708059.4624,R2_F2_m-1f-1_P2_Y-1_U9,-9999,-9999,FXX,2,47.30127561840964,1,0,0.0,0,0,0,-9999.0,0.5,1,P1_CV0,1,1,1,0,2
2,2536859.926,708059.4624,R2_F2_m-1f-1_P2_Y-1_U10,-9999,-9999,MXY,4,123.75251594550546,1,0,0.0,0,0,0,-9999.0,0.5,1,P1_CV0,1,1,1,2,0
2,2536859.926,708059.4624,R2_F2_m-1f-1_P2_Y-1_U11,-9999,-9999,MXY,1,31.381660486011953,0,0,0.0,0,0,0,-9999.0,1.0,1,P1_CV0,1,2,0,2,0
2,2536859.926,708059.4624,R2_F2_m-1f-1_P2_Y-1_U12,-9999,-9999,MXY,2,57.62027561840964,1,0,0.0,0,0,0,-9999.0,0.0,1,P1_CV0,1,0,2,1,1
2,2536859.926,708059.4624,R2_F2_m-1f-1_P2_Y-1_U13,-9999,-9999,FXX,4,122.86451594550547,1,0,1.0,0,0,0,-9999.0,0.5,1,P1_CV0,1,1,1,1,1
2,2536859.926,708059.4624,R2_F2_m-1f-1_P2_Y-1_U14,-9999,-9999,MXY,2,52.42727561840964,1,0,0.0,0,0,0,-9999.0,0.5,1,P1_CV0,1,1,1,2,0
2,2536859.926,708059.4624,R2_F2_m-1f-1_P2_Y-1_U15,-9999,-9999,MXY,2,51.78927561840964,1,0,0.0,0,0,0,-9999.0,0.5,1,P1_CV0,1,1,1,1,1
2,2536859.926,708059.4624,R2_F2_m-1f-1_P2_Y-1_U16,-9999,-9999,FXX,1,31.381660486011953,0,0,0.0,0,0,0,-9999.0,0.0,1,P1_CV0,1,0,2,1,1
2,2536859.926,708059.4624,R2_F2_m-1f-1_P2_Y-1_U17,-9999,-9999,MXY,1,31.381660486011953,0,0,0.0,0,0,0,-9999.0,1.0,1,P1_CV0,1,2,0,2,0
2,2536859.926,708059.4624,R2_F2_m-1f-1_P2_Y-1_U18,-9999,-9999,FXX,4,133.5355159455055,1,0,0.0,0,0,0,-9999.0,1.0,1,P1_CV0,1,2,0,1,1
2,2536859.926,708059.4624,R2_F2_m-1f-1_P2_Y-1_U19,-9999,-9999,FXX,2,54.25427561840964,1,0,0.0,0,0,0,-9999.0,0.5,1,P1_CV0,1,1,1,0,2
2,2536859.926,708059.4624,R2_F2_m-1f-1_P2_Y-1_U20,-9999,-9999,FXX,3,92.40791607444142,1,0,3.0,0,0,0,-9999.0,0.0,1,P1_CV0,1,0,2,0,2
2,2536859.926,708059.4624,R2_F2_m-1f-1_P2_Y-1_U21,-9999,-9999,FXX,1,31.381660486011953,0,0,0.0,0,0,0,-9999.0,1.0,1,P1_CV0,1,2,0,1,1
2,2536859.926,708059.4624,R2_F2_m-1f-1_P2_Y-1_U22,-9999,-9999,FXX,1,31.381660486011953,0,0,0.0,0,0,0,-9999.0,0.5,1,P1_CV0,1,1,1,0,2
2,2536859.926,708059.4624,R2_F2_m-1f-1_P2_Y-1_U23,-9999,-9999,FXX,1,31.381660486011953,0,0,0.0,0,0,0,-9999.0,0.5,1,P1_CV0,1,1,1,1,1
2,2536859.926,708059.4624,R2_F2_m-1f-1_P2_Y-1_U24,-9999,-9999,FXX,3,92.40791607444142,1,0,1.0,0,0,0,-9999.0,1.0,1,P1_CV0,1,2,0,0,2
2,2536859.926,708059.4624,R2_F2_m-1f-1_P2_Y-1_U25,-9999,-9999,MXY,1,31.381660486011953,0,0,0.0,0,0,0,-9999.0,0.0,1,P1_CV0,1,0,2,1,1
2,2536859.926,708059.4624,R2_F2_m-1f-1_P2_Y-1_U26,-9999,-9999,MXY,2,57.19327561840964,1,0,0.0,0,0,0,-9999.0,1.0,1,P1_CV0,1,2,0,2,0
2,2536859.926,708059.4624,R2_F2_m-1f-1_P2_Y-1_U27,-9999,-9999,FXX,3,92.40791607444142,1,0,0.0,0,0,0,-9999.0,1.0,1,P1_CV0,1,2,0,0,2
2,2536859.926,708059.4624,R2_F2_m-1f-1_P2_Y-1_U28,-9999,-9999,MXY,1,31.381660486011953,0,0,0.0,0,0,0,-9999.0,1.0,1,P1_CV0,1,2,0,0,2
2,2536859.926,708059.4624,R2_F2_m-1f-1_P2_Y-1_U29,-9999,-9999,MXY,3,92.40791607444142,1,0,0.0,0,0,0,-9999.0,0.0,1,P1_CV0,1,0,2,2,0
2,2536859.926,708059.4624,R2_F2_m-1f-1_P2_Y-1_U30,-9999,-9999,MXY,3,92.40791607444142,1,0,0.0,0,0,0,-9999.0,0.5,1,P1_CV0,1,1,1,2,0
2,2536859.926,708059.4624,R2_F2_m-1f-1_P2_Y-1_U31,-9999,-9999,FXX,1,31.381660486011953,0,0,0.0,0,0,0,-9999.0,1.0,1,P1_CV0,1,2,0,1,1
2,2536859.926,708059.4624,R2_F2_m-1f-1_P2_Y-1_U32,-9999,-9999,MXY,1,31.381660486011953,0,0,0.0,0,0,0,-9999.0,0.5,1,P1_CV0,1,1,1,2,0
2,2536859.926,708059.4624,R2_F2_m-1f-1_P2_Y-1_U33,-9999,-9999,FXX,1,31.381660486011953,0,0,0.0,0,0,0,-9999.0,0.5,1,P1_CV0,1,1,1,1,1
2,2536859.926,708059.4624,R2_F2_m-1f-1_P2_Y-1_U34,-9999,-9999,FXX,2,57.05427561840964,1,0,1.0,0,0,0,-9999.0,1.0,1,P1_CV0,1,2,0,1,1
2,2536859.926,708059.4624,R2_F2_m-1f-1_P2_Y-1_U35,-9999,-9999,MXY,5,156.3927176306862,1,0,0.0,0,0,0,-9999.0,0.5,1,P1_CV0,1,1,1,1,1
2,2536859.926,708059.4624,R2_F2_m-1f-1_P2_Y-1_U36,-9999,-9999,MXY,1,31.381660486011953,0,0,0.0,0,0,0,-9999.0,0.5,1,P1_CV0,1,1,1,1,1
2,2536859.926,708059.4624,R2_F2_m-1f-1_P2_Y-1_U37,-9999,-9999,MXY,3,92.40791607444142,1,0,0.0,0,0,0,-9999.0,1.0,1,P1_CV0,1,2,0,1,1
2,2536859.926,708059.4624,R2_F2_m-1f-1_P2_Y-1_U38,-9999,-9999,MXY,3,92.40791607444142,1,0,0.0,0,0,0,-9999.0,0.5,1,P1_CV0,1,1,1,2,0
2,2536859.926,708059.4624,R2_F2_m-1f-1_P2_Y-1_U39,-9999,-9999,FXX,2,58.15827561840964,1,0,2.0,0,0,0,-9999.0,0.0,1,P1_CV0,1,0,2,2,0
2,2536859.926,708059.4624,R2_F2_m-1f-1_P2_Y-1_U40,-9999,-9999,FXX,2,56.49027561840964,1,0,0.0,0,0,0,-9999.0,0.5,1,P1_CV0,1,1,1,2,0
2,2536859.926,708059.4624,R2_F2_m-1f-1_P2_Y-1_U41,-9999,-9999,MXY,1,31.381660486011953,0,0,0.0,0,0,0,-9999.0,0.5,1,P1_CV0,1,1,1,0,2
2,2536859.926,708059.4624,R2_F2_m-1f-1_P2_Y-1_U42,-9999,-9999,FXX,1,31.381660486011953,0,0,0.0,0,0,0,-9999.0,0.5,1,P1_CV0,1,1,1,1,1
2,2536859.926,708059.4624,R2_F2_m-1f-1_P2_Y-1_U43,-9999,-9999,MXY,1,31.381660486011953,0,0,0.0,0,0,0,-9999.0,0.0,1,P1_CV0,1,0,2,1,1
2,2536859.926,708059.4624,R2_F2_m-1f-1_P2_Y-1_U44,-9999,-9999,FXX,3,92.40791607444142,1,0,0.0,0,0,0,-9999.0,0.5,1,P1_CV0,1,1,1,1,1
2,2536859.926,708059.4624,R2_F2_m-1f-1_P2_Y-1_U45,-9999,-9999,MXY,1,31.381660486011953,0,0,0.0,0,0,0,-9999.0,0.0,1,P1_CV0,1,0,2,1,1
2,2536859.926,708059.4624,R2_F2_m-1f-1_P2_Y-1_U46,-9999,-9999,MXY,2,45.84727561840964,1,0,0.0,0,0,0,-9999.0,0.5,1,P1_CV0,1,1,1,1,1
2,2536859.926,708059.4624,R2_F2_m-1f-1_P2_Y-1_U47,-9999,-9999,FXX,1,31.381660486011953,0,0,0.0,0,0,0,-9999.0,0.0,1,P1_CV0,1,0,2,0,2
2,2536859.926,708059.4624,R2_F2_m-1f-1_P2_Y-1_U48,-9999,-9999,FXX,1,31.381660486011953,0,0,0.0,0,0,0,-9999.0,0.5,1,P1_CV0,1,1,1,2,0
2,2536859.926,708059.4624,R2_F2_m-1f-1_P2_Y-1_U49,-9999,-9999,MXY,1,31.381660486011953,0,0,0.0,0,0,0,-9999.0,1.0,1,P1_CV0,1,2,0,0,2
2,2536859.926,708059.4624,R2_F2_m-1f-1_P2_Y-1_U50,-9999,-9999,MXY,1,31.381660486011953,0,0,0.0,0,0,0,-9999.0,0.5,1,P1_CV0,1,1,1,1,1
2,2536859.926,708059.4624,R2_F2_m-1f-1_P2_Y-1_U51,-9999,-9999,MXY,1,31.381660486011953,0,0,0.0,0,0,0,-9999.0,0.0,1,P1_CV0,1,0,2,1,1
2,2536859.926,708059.4624,R2_F2_m-1f-1_P2_Y-1_U52,-9999,-9999,FXX,2,53.06527561840964,1,0,2.0,0,0,0,-9999.0,1.0,1,P1_CV0,1,2,0,1,1
2,2536859.926,708059.4624,R2_F2_m-1f-1_P2_Y-1_U53,-9999,-9999,MXY,5,169.05171763068623,1,0,0.0,0,0,0,-9999.0,0.5,1,P1_CV0,1,1,1,1,1
2,2536859.926,708059.4624,R2_F2_m-1f-1_P2_Y-1_U54,-9999,-9999,MXY,1,31.381660486011953,0,0,0.0,0,0,0,-9999.0,1.0,1,P1_CV0,1,2,0,1,1
2,2536859.926,708059.4624,R2_F2_m-1f-1_P2_Y-1_U55,-9999,-9999,FXX,1,31.381660486011953,0,0,0.0,0,0,0,-9999.0,0.5,1,P1_CV0,1,1,1,2,0
2,2536859.926,708059.4624,R2_F2_m-1f-1_P2_Y-1_U56,-9999,-9999,MXY,1,31.381660486011953,0,0,0.0,0,0,0,-9999.0,0.0,1,P1_CV0,1,0,2,1,1
2,2536859.926,708059.4624,R2_F2_m-1f-1_P2_Y-1_U57,-9999,-9999,FXX,1,31.381660486011953,0,0,0.0,0,0,0,-9999.0,0.0,1,P1_CV0,1,0,2,0,2
2,2536859.926,708059.4624,R2_F2_m-1f-1_P2_Y-1_U58,-9999,-9999,MXY,3,92.40791607444142,1,0,0.0,0,0,0,-9999.0,1.0,1,P1_CV0,1,2,0,0,2
2,2536859.926,708059.4624,R2_F2_m-1f-1_P2_Y-1_U59,-9999,-9999,FXX,5,152.71071763068622,1,0,2.0,0,0,0,-9999.0,0.0,1,P1_CV0,1,0,2,2,0
2,2536859.926,708059.4624,R2_F2_m-1f-1_P2_Y-1_U60,-9999,-9999,FXX,2,54.48327561840964,1,0,0.0,0,0,0,-9999.0,0.5,1,P1_CV0,1,1,1,1,1
2,2536859.926,708059.4624,R2_F2_m-1f-1_P2_Y-1_U61,-9999,-9999,FXX,1,31.381660486011953,0,0,0.0,0,0,0,-9999.0,0.5,1,P1_CV0,1,1,1,0,2
2,2536859.926,708059.4624,R2_F2_m-1f-1_P2_Y-1_U62,-9999,-9999,MXY,3,92.40791607444142,1,0,0.0,0,0,0,-9999.0,0.0,1,P1_CV0,1,0,2,2,0
2,2536859.926,708059.4624,R2_F2_m-1f-1_P2_Y-1_U63,-9999,-9999,MXY,3,92.40791607444142,1,0,0.0,0,0,0,-9999.0,1.0,1,P1_CV0,1,2,0,2,0
2,2536859.926,708059.4624,R2_F2_m-1f-1_P2_Y-1_U64,-9999,-9999,FXX,2,60.88327561840964,1,0,0.0,0,0,0,-9999.0,0.0,1,P1_CV0,1,0,2,1,1
2,2536859.926,708059.4624,R2_F2_m-1f-1_P2_Y-1_U65,-9999,-9999,MXY,4,117.78051594550547,1,0,0.0,0,0,0,-9999.0,0.0,1,P1_CV0,1,0,2,1,1
2,2536859.926,708059.4624,R2_F2_m-1f-1_P2_Y-1_U66,-9999,-9999,FXX,2,47.43027561840964,1,0,0.0,0,0,0,-9999.0,0.0,1,P1_CV0,1,0,2,0,2
2,2536859.926,708059.4624,R2_F2_m-1f-1_P2_Y-1_U67,-9999,-9999,MXY,2,58.70327561840964,1,0,0.0,0,0,0,-9999.0,1.0,1,P1_CV0,1,2,0,0,2
2,2536859.926,708059.4624,R2_F2_m-1f-1_P2_Y-1_U68,-9999,-9999,FXX,3,92.40791607444142,1,0,2.0,0,0,0,-9999.0,0.0,1,P1_CV0,1,0,2,0,2
2,2536859.926,708059.4624,R2_F2_m-1f-1_P2_Y-1_U69,-9999,-9999,MXY,3,92.40791607444142,1,0,0.0,0,0,0,-9999.0,0.0,1,P1_CV0,1,0,2,2,0
2,2536859.926,708059.4624,R2_F2_m-1f-1_P2_Y-1_U70,-9999,-9999,FXX,2,49.06127561840964,1,0,1.0,0,0,0,-9999.0,0.0,1,P1_CV0,1,0,2,0,2
2,2536859.926,708059.4624,R2_F2_m-1f-1_P2_Y-1_U71,-9999,-9999,MXY,3,92.40791607444142,1,0,0.0,0,0,0,-9999.0,0.5,1,P1_CV0,1,1,1,1,1
2,2536859.926,708059.4624,R2_F2_m-1f-1_P2_Y-1_U72,-9999,-9999,FXX,2,56.71527561840964,1,0,0.0,0,0,0,-9999.0,0.5,1,P1_CV0,1,1,1,2,0
2,2536859.926,708059.4624,R2_F2_m-1f-1_P2_Y-1_U73,-9999,-9999,MXY,1,31.381660486011953,0,0,0.0,0,0,0,-9999.0,1.0,1,P1_CV0,1,2,0,1,1
2,2536859.926,708059.4624,R2_F2_m-1f-1_P2_Y-1_U74,-9999,-9999,MXY,2,67.40027561840965,1,0,0.0,0,0,0,-9999.0,0.5,1,P1_CV0,1,1,1,1,1
2,2536859.926,708059.4624,R2_F2_m-1f-1_P2_Y-1_U75,-9999,-9999,MXY,1,31.381660486011953,0,0,0.0,0,0,0,-9999.0,1.0,1,P1_CV0,1,2,0,2,0
2,2536859.926,708059.4624,R2_F2_m-1f-1_P2_Y-1_U76,-9999,-9999,FXX,1,31.381660486011953,0,0,0.0,0,0,0,-9999.0,0.0,1,P1_CV0,1,0,2,2,0
2,2536859.926,708059.4624,R2_F2_m-1f-1_P2_Y-1_U77,-9999,-9999,MXY,1,31.381660486011953,0,0,0.0,0,0,0,-9999.0,1.0,1,P1_CV0,1,2,0,2,0
2,2536859.926,708059.4624,R2_F2_m-1f-1_P2_Y-1_U78,-9999,-9999,MXY,2,48.76027561840964,1,0,0.0,0,0,0,-9999.0,1.0,1,P1_CV0,1,2,0,2,0
2,2536859.926,708059.4624,R2_F2_m-1f-1_P2_Y-1_U79,-9999,-9999,FXX,2,58.06327561840964,1,0,2.0,0,0,0,-9999.0,0.5,1,P1_CV0,1,1,1,1,1
2,2536859.926,708059.4624,R2_F2_m-1f-1_P2_Y-1_U80,-9999,-9999,FXX,1,31.381660486011953,0,0,0.0,0,0,0,-9999.0,0.0,1,P1_CV0,1,0,2,1,1
2,2536859.926,708059.4624,R2_F2_m-1f-1_P2_Y-1_U81,-9999,-9999,MXY,1,31.381660486011953,0,0,0.0,0,0,0,-9999.0,0.5,1,P1_CV0,1,1,1,2,0
2,2536859.926,708059.4624,R2_F2_m-1f-1_P2_Y-1_U82,-9999,-9999,MXY,3,92.40791607444142,1,0,0.0,0,0,0,-9999.0,1.0,1,P1_CV0,1,2,0,0,2
2,2536859.926,708059.4624,R2_F2_m-1f-1_P2_Y-1_U83,-9999,-9999,FXX,1,31.381660486011953,0,0,0.0,0,0,0,-9999.0,0.0,1,P1_CV0,1,0,2,2,0
2,2536859.926,708059.4624,R2_F2_m-1f-1_P2_Y-1_U84,-9999,-9999,MXY,2,52.10227561840964,1,0,0.0,0,0,0,-9999.0,0.5,1,P1_CV0,1,1,1,1,1
2,2536859.926,708059.4624,R2_F2_m-1f-1_P2_Y-1_U85,-9999,-9999,MXY,3,92.40791607444142,1,0,0.0,0,0,0,-9999.0,0.0,1,P1_CV0,1,0,2,1,1
2,2536859.926,708059.4624,R2_F2_m-1f-1_P2_Y-1_U86,-9999,-9999,FXX,1,31.381660486011953,0,0,0.0,0,0,0,-9999.0,0.5,1,P1_CV0,1,1,1,1,1
2,2536859.926,708059.4624,R2_F2_m-1f-1_P2_Y-1_U87,-9999,-9999,FXX,3,92.40791607444142,1,0,1.0,0,0,0,-9999.0,1.0,1,P1_CV0,1,2,0,1,1
2,2536859.926,708059.4624,R2_F2_m-1f-1_P2_Y-1_U88,-9999,-9999,FXX,1,31.381660486011953,0,0,0.0,0,0,0,-9999.0,0.5,1,P1_CV0,1,1,1,2,0
2,2536859.926,708059.4624,R2_F2_m-1f-1_P2_Y-1_U89,-9999,-9999,FXX,1,31.381660486011953,0,0,0.0,0,0,0,-9999.0,0.5,1,P1_CV0,1,1,1,2,0
2,2536859.926,708059.4624,R2_F2_m-1f-1_P2_Y-1_U90,-9999,-9999,FXX,1,31.381660486011953,0,0,0.0,0,0,0,-9999.0,0.5,1,P1_CV0,1,1,1,1,1
2,2536859.926,708059.4624,R2_F2_m-1f-1_P2_Y-1_U91,-9999,-9999,MXY,1,31.381660486011953,0,0,0.0,0,0,0,-9999.0,0.5,1,P1_CV0,1,1,1,1,1
2,2536859.926,708059.4624,R2_F2_m-1f-1_P2_Y-1_U92,-9999,-9999,FXX,1,31.381660486011953,0,0,0.0,0,0,0,-9999.0,0.0,1,P1_CV0,1,0,2,2,0
2,2536859.926,708059.4624,R2_F2_m-1f-1_P2_Y-1_U93,-9999,-9999,FXX,2,51.81527561840964,1,0,1.0,0,0,0,-9999.0,1.0,1,P1_CV0,1,2,0,0,2
2,2536859.926,708059.4624,R2_F2_m-1f-1_P2_Y-1_U94,-9999,-9999,MXY,1,31.381660486011953,0,0,0.0,0,0,0,-9999.0,0.5,1,P1_CV0,1,1,1,1,1
2,2536859.926,708059.4624,R2_F2_m-1f-1_P2_Y-1_U95,-9999,-9999,MXY,1,31.381660486011953,0,0,0.0,0,0,0,-9999.0,0.0,1,P1_CV0,1,0,2,0,2
2,2536859.926,708059.4624,R2_F2_m-1f-1_P2_Y-1_U96,-9999,-9999,FXX,4,123.71851594550547,1,0,3.0,0,0,0,-9999.0,1.0,1,P1_CV0,1,2,0,2,0
2,2536859.926,708059.4624,R2_F2_m-1f-1_P2_Y-1_U97,-9999,-9999,FXX,2,58.74327561840964,1,0,1.0,0,0,0,-9999.0,1.0,1,P1_CV0,1,2,0,1,1
2,2536859.926,708059.4624,R2_F2_m-1f-1_P2_Y-1_U98,-9999,-9999,FXX,1,31.381660486011953,0,0,0.0,0,0,0,-9999.0,1.0,1,P1_CV0,1,2,0,2,0
2,2536859.926,708059.4624,R2_F2_m-1f-1_P2_Y-1_U99,-9999,-9999,MXY,1,31.381660486011953,0,0,0.0,0,0,0,-9999.0,0.0,1,P1_CV0,1,0,2,1,1
2,2536859.926,708059.4624,R2_F2_m-1f-1_P2_Y-1_U100,-9999,-9999,FXX,1,31.381660486011953,0,0,0.0,0,0,0,-9999.0,1.0,1,P1_CV0,1,2,0,0,2
2,2536859.926,708059.4624,R2_F2_m-1f-1_P2_Y-1_U101,-9999,-9999,MXY,2,53.87827561840964,1,0,0.0,0,0,0,-9999.0,1.0,1,P1_CV0,1,2,0,0,2
2,2536859.926,708059.4624,R2_F2_m-1f-1_P2_Y-1_U102,-9999,-9999,MXY,2,47.07527561840964,1,0,0.0,0,0,0,-9999.0,0.0,1,P1_CV0,1,0,2,0,2
2,2536859.926,708059.4624,R2_F2_m-1f-1_P2_Y-1_U103,-9999,-9999,FXX,1,31.381660486011953,0,0,0.0,0,0,0,-9999.0,0.5,1,P1_CV0,1,1,1,2,0
2,2536859.926,708059.4624,R2_F2_m-1f-1_P2_Y-1_U104,-9999,-9999,FXX,3,92.40791607444142,1,0,1.0,0,0,0,-9999.0,0.5,1,P1_CV0,1,1,1,2,0
2,2536859.926,708059.4624,R2_F2_m-1f-1_P2_Y-1_U105,-9999,-9999,FXX,1,31.381660486011953,0,0,0.0,0,0,0,-9999.0,0.5,1,P1_CV0,1,1,1,1,1
2,2536859.926,708059.4624,R2_F2_m-1f-1_P2_Y-1_U106,-9999,-9999,MXY,1,31.381660486011953,0,0,0.0,0,0,0,-9999.0,0.5,1,P1_CV0,1,1,1,2,0
2,2536859.926,708059.4624,R2_F2_m-1f-1_P2_Y-1_U107,-9999,-9999,MXY,3,92.40791607444142,1,0,0.0,0,0,0,-9999.0,0.5,1,P1_CV0,1,1,1,1,1
2,2536859.926,708059.4624,R2_F2_m-1f-1_P2_Y-1_U108,-9999,-9999,FXX,3,92.40791607444142,1,0,2.0,0,0,0,-9999.0,0.5,1,P1_CV0,1,1,1,1,1
2,2536859.926,708059.4624,R2_F2_m-1f-1_P2_Y-1_U109,-9999,-9999,MXY,1,31.381660486011953,0,0,0.0,0,0,0,-9999.0,0.5,1,P1_CV0,1,1,1,0,2
2,2536859.926,708059.4624,R2_F2_m-1f-1_P2_Y-1_U110,-9999,-9999,MXY,2,47.89627561840964,1,0,0.0,0,0,0,-9999.0,0.5,1,P1_CV0,1,1,1,2,0
2,2536859.926,708059.4624,R2_F2_m-1f-1_P2_Y-1_U111,-9999,-9999,MXY,1,31.381660486011953,0,0,0.0,0,0,0,-9999.0,1.0,1,P1_CV0,1,2,0,1,1
2,2536859.926,708059.4624,R2_F2_m-1f-1_P2_Y-1_U112,-9999,-9999,MXY,2,53.10827561840964,1,0,0.0,0,0,0,-9999.0,0.0,1,P1_CV0,1,0,2,1,1
2,2536859.926,708059.4624,R2_F2_m-1f-1_P2_Y-1_U113,-9999,-9999,FXX,1,31.381660486011953,0,0,0.0,0,0,0,-9999.0,0.0,1,P1_CV0,1,0,2,2,0
2,2536859.926,708059.4624,R2_F2_m-1f-1_P2_Y-1_U114,-9999,-9999,FXX,1,31.381660486011953,0,0,0.0,0,0,0,-9999.0,0.5,1,P1_CV0,1,1,1,1,1
2,2536859.926,708059.4624,R2_F2_m-1f-1_P2_Y-1_U115,-9999,-9999,MXY,1,31.381660486011953,0,0,0.0,0,0,0,-9999.0,0.5,1,P1_CV0,1,1,1,0,2
2,2536859.926,708059.4624,R2_F2_m-1f-1_P2_Y-1_U116,-9999,-9999,FXX,1,31.381660486011953,0,0,0.0,0,0,0,-9999.0,0.5,1,P1_CV0,1,1,1,0,2
2,2536859.926,708059.4624,R2_F2_m-1f-1_P2_Y-1_U117,-9999,-9999,MXY,1,31.381660486011953,0,0,0.0,0,0,0,-9999.0,0.0,1,P1_CV0,1,0,2,2,0
2,2536859.926,708059.4624,R2_F2_m-1f-1_P2_Y-1_U118,-9999,-9999,FXX,2,53.342275618409644,1,0,2.0,0,0,0,-9999.0,1.0,1,P1_CV0,1,2,0,1,1
2,2536859.926,708059.4624,R2_F2_m-1f-1_P2_Y-1_U119,-9999,-9999,FXX,2,54.08527561840964,1,0,1.0,0,0,0,-9999.0,0.5,1,P1_CV0,1,1,1,2,0
2,2536859.926,708059.4624,R2_F2_m-1f-1_P2_Y-1_U120,-9999,-9999,MXY,1,31.381660486011953,0,0,0.0,0,0,0,-9999.0,0.5,1,P1_CV0,1,1,1,0,2
2,2536859.926,708059.4624,R2_F2_m-1f-1_P2_Y-1_U121,-9999,-9999,MXY,1,31.381660486011953,0,0,0.0,0,0,0,-9999.0,0.0,1,P1_CV0,1,0,2,1,1
2,2536859.926,708059.4624,R2_F2_m-1f-1_P2_Y-1_U122,-9999,-9999,MXY,1,31.381660486011953,0,0,0.0,0,0,0,-9999.0,0.5,1,P1_CV0,1,1,1,1,1
2,2536859.926,708059.4624,R2_F2_m-1f-1_P2_Y-1_U123,-9999,-9999,MXY,2,44.80927561840964,1,0,0.0,0,0,0,-9999.0,0.5,1,P1_CV0,1,1,1,2,0
2,2536859.926,708059.4624,R2_F2_m-1f-1_P2_Y-1_U124,-9999,-9999,MXY,1,31.381660486011953,0,0,0.0,0,0,0,-9999.0,0.5,1,P1_CV0,1,1,1,1,1
3,2532969.44,705413.5711,R3_F3_m-1f-1_P3_Y-1_U0,-9999,-9999,FXX,2,55.18904313299572,1,0,0.0,0,0,0,-9999.0,0.5,1,P2_CV0,2,1,1,1,1
3,2532969.44,705413.5711,R3_F3_m-1f-1_P3_Y-1_U1,-9999,-9999,FXX,1,31.000865490284234,0,0,0.0,0,0,0,-9999.0,1.0,1,P2_CV0,2,2,0,1,1
3,2532969.44,705413.5711,R3_F3_m-1f-1_P3_Y-1_U2,-9999,-9999,FXX,1,31.000865490284234,0,0,0.0,0,0,0,-9999.0,1.0,1,P2_CV0,2,2,0,1,1
3,2532969.44,705413.5711,R3_F3_m-1f-1_P3_Y-1_U3,-9999,-9999,MXY,3,92.00096523860367,1,0,0.0,0,0,0,-9999.0,1.0,1,P2_CV0,2,2,0,2,0
3,2532969.44,705413.5711,R3_F3_m-1f-1_P3_Y-1_U4,-9999,-9999,MXY,1,31.000865490284234,0,0,0.0,0,0,0,-9999.0,1.0,1,P2_CV0,2,2,0,0,2
3,2532969.44,705413.5711,R3_F3_m-1f-1_P3_Y-1_U5,-9999,-9999,FXX,1,31.000865490284234,0,0,0.0,0,0,0,-9999.0,0.5,1,P2_CV0,2,1,1,2,0
3,2532969.44,705413.5711,R3_F3_m-1f-1_P3_Y-1_U6,-9999,-9999,MXY,5,140.41762110062342,1,0,0.0,0,0,0,-9999.0,0.5,1,P2_CV0,2,1,1,1,1
3,2532969.44,705413.5711,R3_F3_m-1f-1_P3_Y-1_U7,-9999,-9999,MXY,1,31.000865490284234,0,0,0.0,0,0,0,-9999.0,0.0,1,P2_CV0,2,0,2,0,2
3,2532969.44,705413.5711,R3_F3_m-1f-1_P3_Y-1_U8,-9999,-9999,FXX,2,51.44004313299572,1,0,1.0,0,0,0,-9999.0,0.5,1,P2_CV0,2,1,1,1,1
3,2532969.44,705413.5711,R3_F3_m-1f-1_P3_Y-1_U9,-9999,-9999,MXY,3,92.00096523860367,1,0,0.0,0,0,0,-9999.0,0.5,1,P2_CV0,2,1,1,1,1
3,2532969.44,705413.5711,R3_F3_m-1f-1_P3_Y-1_U10,-9999,-9999,FXX,3,92.00096523860367,1,0,2.0,0,0,0,-9999.0,0.5,1,P2_CV0,2,1,1,2,0
3,2532969.44,705413.5711,R3_F3_m-1f-1_P3_Y-1_U11,-9999,-9999,MXY,4,122.55979870294892,1,0,0.0,0,0,0,-9999.0,0.5,1,P2_CV0,2,1,1,0,2
3,2532969.44,705413.5711,R3_F3_m-1f-1_P3_Y-1_U12,-9999,-9999,MXY,1,31.000865490284234,0,0,0.0,0,0,0,-9999.0,0.5,1,P2_CV0,2,1,1,1,1
3,2532969.44,705413.5711,R3_F3_m-1f-1_P3_Y-1_U13,-9999,-9999,MXY,2,48.85804313299572,1,0,0.0,0,0,0,-9999.0,0.5,1,P2_CV0,2,1,1,2,0
3,2532969.44,705413.5711,R3_F3_m-1f-1_P3_Y-1_U14,-9999,-9999,FXX,2,49.14004313299572,1,0,2.0,0,0,0,-9999.0,1.0,1,P2_CV0,2,2,0,1,1
3,2532969.44,705413.5711,R3_F3_m-1f-1_P3_Y-1_U15,-9999,-9999,FXX,3,92.00096523860367,1,0,3.0,0,0,0,-9999.0,0.0,1,P2_CV0,2,0,2,1,1
3,2532969.44,705413.5711,R3_F3_m-1f-1_P3_Y-1_U16,-9999,-9999,FXX,1,31.000865490284234,0,0,0.0,0,0,0,-9999.0,0.0,1,P2_CV0,2,0,2,0,2
3,2532969.44,705413.5711,R3_F3_m-1f-1_P3_Y-1_U17,-9999,-9999,MXY,2,53.86704313299572,1,0,0.0,0,0,0,-9999.0,0.0,1,P2_CV0,2,0,2,1,1
3,2532969.44,705413.5711,R3_F3_m-1f-1_P3_Y-1_U18,-9999,-9999,FXX,1,31.000865490284234,0,0,0.0,0,0,0,-9999.0,1.0,1,P2_CV0,2,2,0,0,2
3,2532969.44,705413.5711,R3_F3_m-1f-1_P3_Y-1_U19,-9999,-9999,MXY,1,31.000865490284234,0,0,0.0,0,0,0,-9999.0,0.5,1,P2_CV0,2,1,1,0,2
3,2532969.44,705413.5711,R3_F3_m-1f-1_P3_Y-1_U20,-9999,-9999,MXY,5,150.1586211006234,1,0,0.0,0,0,0,-9999.0,0.5,1,P2_CV0,2,1,1,2,0
3,2532969.44,705413.5711,R3_F3_m-1f-1_P3_Y-1_U21,-9999,-9999,MXY,1,31.000865490284234,0,0,0.0,0,0,0,-9999.0,0.0,1,P2_CV0,2,0,2,1,1
3,2532969.44,705413.5711,R3_F3_m-1f-1_P3_Y-1_U22,-9999,-9999,MXY,2,58.09904313299572,1,0,0.0,0,0,0,-9999.0,0.0,1,P2_CV0,2,0,2,0,2
3,2532969.44,705413.5711,R3_F3_m-1f-1_P3_Y-1_U23,-9999,-9999,FXX,2,52.08504313299572,1,0,0.0,0,0,0,-9999.0,0.0,1,P2_CV0,2,0,2,1,1
3,2532969.44,705413.5711,R3_F3_m-1f-1_P3_Y-1_U24,-9999,-9999,MXY,1,31.000865490284234,0,0,0.0,0,0,0,-9999.0,1.0,1,P2_CV0,2,2,0,0,2
3,2532969.44,705413.5711,R3_F3_m-1f-1_P3_Y-1_U25,-9999,-9999,MXY,1,31.000865490284234,0,0,0.0,0,0,0,-9999.0,0.0,1,P2_CV0,2,0,2,1,1
3,2532969.44,705413.5711,R3_F3_m-1f-1_P3_Y-1_U26,-9999,-9999,FXX,5,160.34562110062342,1,0,1.0,0,0,0,-9999.0,0.5,1,P2_CV0,2,1,1,2,0
3,2532969.44,705413.5711,R3_F3_m-1f-1_P3_Y-1_U27,-9999,-9999,MXY,1,31.000865490284234,0,0,0.0,0,0,0,-9999.0,0.5,1,P2_CV0,2,1,1,1,1
3,2532969.44,705413.5711,R3_F3_m-1f-1_P3_Y-1_U28,-9999,-9999,MXY,1,31.000865490284234,0,0,0.0,0,0,0,-9999.0,0.0,1,P2_CV0,2,0,2,1,1
3,2532969.44,705413.5711,R3_F3_m-1f-1_P3_Y-1_U29,-9999,-9999,FXX,1,31.000865490284234,0,0,0.0,0,0,0,-9999.0,0.5,1,P2_CV0,2,1,1,2,0
3,2532969.44,705413.5711,R3_F3_m-1f-1_P3_Y-1_U30,-9999,-9999,MXY,1,31.000865490284234,0,0,0.0,0,0,0,-9999.0,0.5,1,P2_CV0,2,1,1,0,2
3,2532969.44,705413.5711,R3_F3_m-1f-1_P3_Y-1_U31,-9999,-9999,FXX,1,31.000865490284234,0,0,0.0,0,0,0,-9999.0,0.5,1,P2_CV0,2,1,1,1,1
3,2532969.44,705413.5711,R3_F3_m-1f-1_P3_Y-1_U32,-9999,-9999,FXX,3,92.00096523860367,1,0,2.0,0,0,0,-9999.0,0.5,1,P2_CV0,2,1,1,1,1
3,2532969.44,705413.5711,R3_F3_m-1f-1_P3_Y-1_U33,-9999,-9999,MXY,2,55.600043132995715,1,0,0.0,0,0,0,-9999.0,0.5,1,P2_CV0,2,1,1,0,2
3,2532969.44,705413.5711,R3_F3_m-1f-1_P3_Y-1_U34,-9999,-9999,FXX,2,57.502043132995716,1,0,0.0,0,0,0,-9999.0,1.0,1,P2_CV0,2,2,0,1,1
3,2532969.44,705413.5711,R3_F3_m-1f-1_P3_Y-1_U35,-9999,-9999,FXX,1,31.000865490284234,0,0,0.0,0,0,0,-9999.0,1.0,1,P2_CV0,2,2,0,0,2
3,2532969.44,705413.5711,R3_F3_m-1f-1_P3_Y-1_U36,-9999,-9999,MXY,1,31.000865490284234,0,0,0.0,0,0,0,-9999.0,0.5,1,P2_CV0,2,1,1,1,1
3,2532969.44,705413.5711,R3_F3_m-1f-1_P3_Y-1_U37,-9999,-9999,MXY,5,131.34562110062342,1,0,0.0,0,0,0,-9999.0,1.0,1,P2_CV0,2,2,0,1,1
3,2532969.44,705413.5711,R3_F3_m-1f-1_P3_Y-1_U38,-9999,-9999,MXY,1,31.000865490284234,0,0,0.0,0,0,0,-9999.0,0.5,1,P2_CV0,2,1,1,0,2
3,2532969.44,705413.5711,R3_F3_m-1f-1_P3_Y-1_U39,-9999,-9999,FXX,3,92.00096523860367,1,0,0.0,0,0,0,-9999.0,0.0,1,P2_CV0,2,0,2,2,0
3,2532969.44,705413.5711,R3_F3_m-1f-1_P3_Y-1_U40,-9999,-9999,FXX,1,31.000865490284234,0,0,0.0,0,0,0,-9999.0,0.5,1,P2_CV0,2,1,1,2,0
3,2532969.44,705413.5711,R3_F3_m-1f-1_P3_Y-1_U41,-9999,-9999,FXX,1,31.000865490284234,0,0,0.0,0,0,0,-9999.0,1.0,1,P2_CV0,2,2,0,1,1
3,2532969.44,705413.5711,R3_F3_m-1f-1_P3_Y-1_U42,-9999,-9999,MXY,1,31.000865490284234,0,0,0.0,0,0,0,-9999.0,1.0,1,P2_CV0,2,2,0,1,1
3,2532969.44,705413.5711,R3_F3_m-1f-1_P3_Y-1_U43,-9999,-9999,FXX,4,124.25079870294893,1,0,0.0,0,0,0,-9999.0,1.0,1,P2_CV0,2,2,0,1,1
3,2532969.44,705413.5711,R3_F3_m-1f-1_P3_Y-1_U44,-9999,-9999,FXX,1,31.000865490284234,0,0,0.0,0,0,0,-9999.0,0.5,1,P2_CV0,2,1,1,2,0
3,2532969.44,705413.5711,R3_F3_m-1f-1_P3_Y-1_U45,-9999,-9999,MXY,1,31.000865490284234,0,0,0.0,0,0,0,-9999.0,0.5,1,P2_CV0,2,1,1,2,0
3,2532969.44,705413.5711,R3_F3_m-1f-1_P3_Y-1_U46,-9999,-9999,FXX,3,92.00096523860367,1,0,1.0,0,0,0,-9999.0,1.0,1,P2_CV0,2,2,0,1,1
3,2532969.44,705413.5711,R3_F3_m-1f-1_P3_Y-1_U47,-9999,-9999,FXX,3,92.00096523860367,1,0,1.0,0,0,0,-9999.0,0.0,1,P2_CV0,2,0,2,0,2
3,2532969.44,705413.5711,R3_F3_m-1f-1_P3_Y-1_U48,-9999,-9999,MXY,4,118.23479870294892,1,0,0.0,0,0,0,-9999.0,0.0,1,P2_CV0,2,0,2,1,1
3,2532969.44,705413.5711,R3_F3_m-1f-1_P3_Y-1_U49,-9999,-9999,FXX,3,92.00096523860367,1,0,0.0,0,0,0,-9999.0,0.0,1,P2_CV0,2,0,2,1,1
3,2532969.44,705413.5711,R3_F3_m-1f-1_P3_Y-1_U50,-9999,-9999,FXX,2,52.560043132995716,1,0,1.0,0,0,0,-9999.0,0.5,1,P2_CV0,2,1,1,2,0
3,2532969.44,705413.5711,R3_F3_m-1f-1_P3_Y-1_U51,-9999,-9999,FXX,1,31.000865490284234,0,0,0.0,0,0,0,-9999.0,0.0,1,P2_CV0,2,0,2,0,2
3,2532969.44,705413.5711,R3_F3_m-1f-1_P3_Y-1_U52,-9999,-9999,FXX,1,31.000865490284234,0,0,0.0,0,0,0,-9999.0,0.5,1,P2_CV0,2,1,1,1,1
3,2532969.44,705413.5711,R3_F3_m-1f-1_P3_Y-1_U53,-9999,-9999,FXX,3,92.00096523860367,1,0,1.0,0,0,0,-9999.0,0.5,1,P2_CV0,2,1,1,1,1
3,2532969.44,705413.5711,R3_F3_m-1f-1_P3_Y-1_U54,-9999,-9999,FXX,2,54.548043132995716,1,0,2.0,0,0,0,-9999.0,1.0,1,P2_CV0,2,2,0,2,0
3,2532969.44,705413.5711,R3_F3_m-1f-1_P3_Y-1_U55,-9999,-9999,FXX,1,31.000865490284234,0,0,0.0,0,0,0,-9999.0,0.5,1,P2_CV0,2,1,1,0,2
3,2532969.44,705413.5711,R3_F3_m-1f-1_P3_Y-1_U56,-9999,-9999,FXX,1,31.000865490284234,0,0,0.0,0,0,0,-9999.0,0.5,1,P2_CV0,2,1,1,0,2
3,2532969.44,705413.5711,R3_F3_m-1f-1_P3_Y-1_U57,-9999,-9999,FXX,1,31.000865490284234,0,0,0.0,0,0,0,-9999.0,1.0,1,P2_CV0,2,2,0,0,2
3,2532969.44,705413.5711,R3_F3_m-1f-1_P3_Y-1_U58,-9999,-9999,FXX,1,31.000865490284234,0,0,0.0,0,0,0,-9999.0,0.5,1,P2_CV0,2,1,1,2,0
3,2532969.44,705413.5711,R3_F3_m-1f-1_P3_Y-1_U59,-9999,-9999,MXY,1,31.000865490284234,0,0,0.0,0,0,0,-9999.0,0.0,1,P2_CV0,2,0,2,1,1
3,2532969.44,705413.5711,R3_F3_m-1f-1_P3_Y-1_U60,-9999,-9999,FXX,2,47.95404313299572,1,0,0.0,0,0,0,-9999.0,0.0,1,P2_CV0,2,0,2,2,0
3,2532969.44,705413.5711,R3_F3_m-1f-1_P3_Y-1_U61,-9999,-9999,FXX,1,31.000865490284234,0,0,0.0,0,0,0,-9999.0,0.5,1,P2_CV0,2,1,1,2,0
3,2532969.44,705413.5711,R3_F3_m-1f-1_P3_Y-1_U62,-9999,-9999,FXX,1,31.000865490284234,0,0,0.0,0,0,0,-9999.0,1.0,1,P2_CV0,2,2,0,1,1
3,2532969.44,705413.5711,R3_F3_m-1f-1_P3_Y-1_U63,-9999,-9999,MXY,1,31.000865490284234,0,0,0.0,0,0,0,-9999.0,1.0,1,P2_CV0,2,2,0,1,1
3,2532969.44,705413.5711,R3_F3_m-1f-1_P3_Y-1_U64,-9999,-9999,FXX,1,31.000865490284234,0,0,0.0,0,0,0,-9999.0,0.0,1,P2_CV0,2,0,2,0,2
3,2532969.44,705413.5711,R3_F3_m-1f-1_P3_Y-1_U65,-9999,-9999,FXX,1,31.000865490284234,0,0,0.0,0,0,0,-9999.0,0.5,1,P2_CV0,2,1,1,1,1
3,2532969.44,705413.5711,R3_F3_m-1f-1_P3_Y-1_U66,-9999,-9999,MXY,1,31.000865490284234,0,0,0.0,0,0,0,-9999.0,0.5,1,P2_CV0,2,1,1,2,0
3,2532969.44,705413.5711,R3_F3_m-1f-1_P3_Y-1_U67,-9999,-9999,MXY,3,92.00096523860367,1,0,0.0,0,0,0,-9999.0,1.0,1,P2_CV0,2,2,0,1,1
3,2532969.44,705413.5711,R3_F3_m-1f-1_P3_Y-1_U68,-9999,-9999,MXY,3,92.00096523860367,1,0,0.0,0,0,0,-9999.0,0.0,1,P2_CV0,2,0,2,2,0
3,2532969.44,705413.5711,R3_F3_m-1f-1_P3_Y-1_U69,-9999,-9999,MXY,1,31.000865490284234,0,0,0.0,0,0,0,-9999.0,0.5,1,P2_CV0,2,1,1,1,1
3,2532969.44,705413.5711,R3_F3_m-1f-1_P3_Y-1_U70,-9999,-9999,FXX,2,55.69504313299572,1,0,2.0,0,0,0,-9999.0,0.5,1,P2_CV0,2,1,1,1,1
3,2532969.44,705413.5711,R3_F3_m-1f-1_P3_Y-1_U71,-9999,-9999,MXY,1,31.000865490284234,0,0,0.0,0,0,0,-9999.0,0.0,1,P2_CV0,2,0,2,0,2
3,2532969.44,705413.5711,R3_F3_m-1f-1_P3_Y-1_U72,-9999,-9999,MXY,1,31.000865490284234,0,0,0.0,0,0,0,-9999.0,1.0,1,P2_CV0,2,2,0,0,2
3,2532969.44,705413.5711,R3_F3_m-1f-1_P3_Y-1_U73,-9999,-9999,FXX,2,53.02004313299572,1,0,0.0,0,0,0,-9999.0,0.5,1,P2_CV0,2,1,1,2,0
3,2532969.44,705413.5711,R3_F3_m-1f-1_P3_Y-1_U74,-9999,-9999,MXY,3,92.00096523860367,1,0,0.0,0,0,0,-9999.0,1.0,1,P2_CV0,2,2,0,2,0
3,2532969.44,705413.5711,R3_F3_m-1f-1_P3_Y-1_U75,-9999,-9999,FXX,1,31.000865490284234,0,0,0.0,0,0,0,-9999.0,0.5,1,P2_CV0,2,1,1,2,0
3,2532969.44,705413.5711,R3_F3_m-1f-1_P3_Y-1_U76,-9999,-9999,FXX,1,31.000865490284234,0,0,0.0,0,0,0,-9999.0,0.5,1,P2_CV0,2,1,1,0,2
3,2532969.44,705413.5711,R3_F3_m-1f-1_P3_Y-1_U77,-9999,-9999,MXY,2,64.57304313299572,1,0,0.0,0,0,0,-9999.0,1.0,1,P2_CV0,2,2,0,2,0
3,2532969.44,705413.5711,R3_F3_m-1f-1_P3_Y-1_U78,-9999,-9999,MXY,1,31.000865490284234,0,0,0.0,0,0,0,-9999.0,0.5,1,P2_CV0,2,1,1,1,1
3,2532969.44,705413.5711,R3_F3_m-1f-1_P3_Y-1_U79,-9999,-9999,MXY,6,174.41646423788194,1,0,0.0,0,0,0,-9999.0,0.0,1,P2_CV0,2,0,2,1,1
3,2532969.44,705413.5711,R3_F3_m-1f-1_P3_Y-1_U80,-9999,-9999,FXX,1,31.000865490284234,0,0,0.0,0,0,0,-9999.0,0.5,1,P2_CV0,2,1,1,1,1
3,2532969.44,705413.5711,R3_F3_m-1f-1_P3_Y-1_U81,-9999,-9999,MXY,2,46.26604313299572,1,0,0.0,0,0,0,-9999.0,0.5,1,P2_CV0,2,1,1,0,2
3,2532969.44,705413.5711,R3_F3_m-1f-1_P3_Y-1_U82,-9999,-9999,MXY,1,31.000865490284234,0,0,0.0,0,0,0,-9999.0,1.0,1,P2_CV0,2,2,0,2,0
3,2532969.44,705413.5711,R3_F3_m-1f-1_P3_Y-1_U83,-9999,-9999,MXY,1,31.000865490284234,0,0,0.0,0,0,0,-9999.0,1.0,1,P2_CV0,2,2,0,0,2
3,2532969.44,705413.5711,R3_F3_m-1f-1_P3_Y-1_U84,-9999,-9999,FXX,1,31.000865490284234,0,0,0.0,0,0,0,-9999.0,1.0,1,P2_CV0,2,2,0,1,1
3,2532969.44,705413.5711,R3_F3_m-1f-1_P3_Y-1_U85,-9999,-9999,MXY,4,118.35379870294892,1,0,0.0,0,0,0,-9999.0,0.5,1,P2_CV0,2,1,1,0,2
3,2532969.44,705413.5711,R3_F3_m-1f-1_P3_Y-1_U86,-9999,-9999,FXX,3,92.00096523860367,1,0,1.0,0,0,0,-9999.0,0.5,1,P2_CV0,2,1,1,0,2
3,2532969.44,705413.5711,R3_F3_m-1f-1_P3_Y-1_U87,-9999,-9999,FXX,2,56.32904313299572,1,0,1.0,0,0,0,-9999.0,0.5,1,P2_CV0,2,1,1,1,1
3,2532969.44,705413.5711,R3_F3_m-1f-1_P3_Y-1_U88,-9999,-9999,FXX,1,31.000865490284234,0,0,0.0,0,0,0,-9999.0,1.0,1,P2_CV0,2,2,0,1,1
3,2532969.44,705413.5711,R3_F3_m-1f-1_P3_Y-1_U89,-9999,-9999,FXX,1,31.000865490284234,0,0,0.0,0,0,0,-9999.0,1.0,1,P2_CV0,2,2,0,0,2
3,2532969.44,705413.5711,R3_F3_m-1f-1_P3_Y-1_U90,-9999,-9999,MXY,1,31.000865490284234,0,0,0.0,0,0,0,-9999.0,1.0,1,P2_CV0,2,2,0,1,1
3,2532969.44,705413.5711,R3_F3_m-1f-1_P3_Y-1_U91,-9999,-9999,FXX,1,31.000865490284234,0,0,0.0,0,0,0,-9999.0,0.5,1,P2_CV0,2,1,1,2,0
3,2532969.44,705413.5711,R3_F3_m-1f-1_P3_Y-1_U92,-9999,-9999,FXX,1,31.000865490284234,0,0,0.0,0,0,0,-9999.0,0.5,1,P2_CV0,2,1,1,2,0
3,2532969.44,705413.5711,R3_F3_m-1f-1_P3_Y-1_U93,-9999,-9999,MXY,1,31.000865490284234,0,0,0.0,0,0,0,-9999.0,1.0,1,P2_CV0,2,2,0,1,1
3,2532969.44,705413.5711,R3_F3_m-1f-1_P3_Y-1_U94,-9999,-9999,MXY,1,31.000865490284234,0,0,0.0,0,0,0,-9999.0,1.0,1,P2_CV0,2,2,0,1,1
3,2532969.44,705413.5711,R3_F3_m-1f-1_P3_Y-1_U95,-9999,-9999,MXY,1,31.000865490284234,0,0,0.0,0,0,0,-9999.0,0.0,1,P2_CV0,2,0,2,0,2
3,2532969.44,705413.5711,R3_F3_m-1f-1_P3_Y-1_U96,-9999,-9999,MXY,1,31.000865490284234,0,0,0.0,0,0,0,-9999.0,0.0,1,P2_CV0,2,0,2,0,2
3,2532969.44,705413.5711,R3_F3_m-1f-1_P3_Y-1_U97,-9999,-9999,FXX,2,48.04704313299572,1,0,1.0,0,0,0,-9999.0,0.5,1,P2_CV0,2,1,1,0,2
3,2532969.44,705413.5711,R3_F3_m-1f-1_P3_Y-1_U98,-9999,-9999,MXY,2,56.22604313299572,1,0,0.0,0,0,0,-9999.0,1.0,1,P2_CV0,2,2,0,2,0
3,2532969.44,705413.5711,R3_F3_m-1f-1_P3_Y-1_U99,-9999,-9999,FXX,1,31.000865490284234,0,0,0.0,0,0,0,-9999.0,0.5,1,P2_CV0,2,1,1,1,1
3,2532969.44,705413.5711,R3_F3_m-1f-1_P3_Y-1_U100,-9999,-9999,MXY,1,31.000865490284234,0,0,0.0,0,0,0,-9999.0,0.5,1,P2_CV0,2,1,1,0,2
3,2532969.44,705413.5711,R3_F3_m-1f-1_P3_Y-1_U101,-9999,-9999,FXX,1,31.000865490284234,0,0,0.0,0,0,0,-9999.0,1.0,1,P2_CV0,2,2,0,2,0
3,2532969.44,705413.5711,R3_F3_m-1f-1_P3_Y-1_U102,-9999,-9999,MXY,1,31.000865490284234,0,0,0.0,0,0,0,-9999.0,0.0,1,P2_CV0,2,0,2,2,0
3,2532969.44,705413.5711,R3_F3_m-1f-1_P3_Y-1_U103,-9999,-9999,FXX,1,31.000865490284234,0,0,0.0,0,0,0,-9999.0,0.5,1,P2_CV0,2,1,1,1,1
3,2532969.44,705413.5711,R3_F3_m-1f-1_P3_Y-1_U104,-9999,-9999,FXX,1,31.000865490284234,0,0,0.0,0,0,0,-9999.0,0.0,1,P2_CV0,2,0,2,2,0
3,2532969.44,705413.5711,R3_F3_m-1f-1_P3_Y-1_U105,-9999,-9999,FXX,2,58.88704313299572,1,0,2.0,0,0,0,-9999.0,0.5,1,P2_CV0,2,1,1,0,2
3,2532969.44,705413.5711,R3_F3_m-1f-1_P3_Y-1_U106,-9999,-9999,FXX,4,125.41679870294892,1,0,2.0,0,0,0,-9999.0,1.0,1,P2_CV0,2,2,0,1,1
3,2532969.44,705413.5711,R3_F3_m-1f-1_P3_Y-1_U107,-9999,-9999,FXX,2,57.21304313299572,1,0,1.0,0,0,0,-9999.0,0.5,1,P2_CV0,2,1,1,0,2
3,2532969.44,705413.5711,R3_F3_m-1f-1_P3_Y-1_U108,-9999,-9999,FXX,3,92.00096523860367,1,0,3.0,0,0,0,-9999.0,1.0,1,P2_CV0,2,2,0,1,1
3,2532969.44,705413.5711,R3_F3_m-1f-1_P3_Y-1_U109,-9999,-9999,FXX,1,31.000865490284234,0,0,0.0,0,0,0,-9999.0,0.5,1,P2_CV0,2,1,1,1,1
3,2532969.44,705413.5711,R3_F3_m-1f-1_P3_Y-1_U110,-9999,-9999,FXX,2,48.70804313299572,1,0,2.0,0,0,0,-9999.0,0.5,1,P2_CV0,2,1,1,0,2
3,2532969.44,705413.5711,R3_F3_m-1f-1_P3_Y-1_U111,-9999,-9999,MXY,1,31.000865490284234,0,0,0.0,0,0,0,-9999.0,0.5,1,P2_CV0,2,1,1,2,0
3,2532969.44,705413.5711,R3_F3_m-1f-1_P3_Y-1_U112,-9999,-9999,FXX,2,45.932043132995716,1,0,1.0,0,0,0,-9999.0,0.0,1,P2_CV0,2,0,2,0,2
3,2532969.44,705413.5711,R3_F3_m-1f-1_P3_Y-1_U113,-9999,-9999,FXX,2,47.61904313299572,1,0,0.0,0,0,0,-9999.0,0.0,1,P2_CV0,2,0,2,0,2
3,2532969.44,705413.5711,R3_F3_m-1f-1_P3_Y-1_U114,-9999,-9999,FXX,3,92.00096523860367,1,0,0.0,0,0,0,-9999.0,0.0,1,P2_CV0,2,0,2,1,1
3,2532969.44,705413.5711,R3_F3_m-1f-1_P3_Y-1_U115,-9999,-9999,FXX,1,31.000865490284234,0,0,0.0,0,0,0,-9999.0,1.0,1,P2_CV0,2,2,0,2,0
3,2532969.44,705413.5711,R3_F3_m-1f-1_P3_Y-1_U116,-9999,-9999,MXY,1,31.000865490284234,0,0,0.0,0,0,0,-9999.0,0.5,1,P2_CV0,2,1,1,0,2
3,2532969.44,705413.5711,R3_F3_m-1f-1_P3_Y-1_U117,-9999,-9999,FXX,2,39.34904313299572,1,0,2.0,0,0,0,-9999.0,0.5,1,P2_CV0,2,1,1,2,0
3,2532969.44,705413.5711,R3_F3_m-1f-1_P3_Y-1_U118,-9999,-9999,MXY,1,31.000865490284234,0,0,0.0,0,0,0,-9999.0,1.0,1,P2_CV0,2,2,0,1,1
3,2532969.44,705413.5711,R3_F3_m-1f-1_P3_Y-1_U119,-9999,-9999,MXY,4,128.31679870294892,1,0,0.0,0,0,0,-9999.0,0.5,1,P2_CV0,2,1,1,1,1
3,2532969.44,705413.5711,R3_F3_m-1f-1_P3_Y-1_U120,-9999,-9999,MXY,2,52.95104313299572,1,0,0.0,0,0,0,-9999.0,0.5,1,P2_CV0,2,1,1,0,2
3,2532969.44,705413.5711,R3_F3_m-1f-1_P3_Y-1_U121,-9999,-9999,MXY,1,31.000865490284234,0,0,0.0,0,0,0,-9999.0,0.0,1,P2_CV0,2,0,2,2,0
3,2532969.44,705413.5711,R3_F3_m-1f-1_P3_Y-1_U122,-9999,-9999,MXY,3,92.00096523860367,1,0,0.0,0,0,0,-9999.0,1.0,1,P2_CV0,2,2,0,1,1
3,2532969.44,705413.5711,R3_F3_m-1f-1_P3_Y-1_U123,-9999,-9999,MXY,2,63.65004313299572,1,0,0.0,0,0,0,-9999.0,0.5,1,P2_CV0,2,1,1,2,0
3,2532969.44,705413.5711,R3_F3_m-1f-1_P3_Y-1_U124,-9999,-9999,FXX,2,63.182043132995716,1,0,1.0,0,0,0,-9999.0,0.5,1,P2_CV0,2,1,1,1,1
4,2539041.489,728416.6747,R4_F4_m-1f-1_P4_Y-1_U0,-9999,-9999,MXY,4,137.96857629726296,1,0,0.0,0,0,0,-9999.0,1.0,1,P3_CV0,2,2,0,1,1
4,2539041.489,728416.6747,R4_F4_m-1f-1_P4_Y-1_U1,-9999,-9999,FXX,1,56.91004203543207,0,0,0.0,0,0,0,-9999.0,0.5,1,P3_CV0,2,1,1,1,1
4,2539041.489,728416.6747,R4_F4_m-1f-1_P4_Y-1_U2,-9999,-9999,MXY,1,56.91004203543207,0,0,0.0,0,0,0,-9999.0,0.5,1,P3_CV0,2,1,1,2,0
4,2539041.489,728416.6747,R4_F4_m-1f-1_P4_Y-1_U3,-9999,-9999,MXY,4,160.68057629726295,1,0,0.0,0,0,0,-9999.0,0.5,1,P3_CV0,2,1,1,1,1
4,2539041.489,728416.6747,R4_F4_m-1f-1_P4_Y-1_U4,-9999,-9999,FXX,1,56.91004203543207,0,0,0.0,0,0,0,-9999.0,0.0,1,P3_CV0,2,0,2,1,1
4,2539041.489,728416.6747,R4_F4_m-1f-1_P4_Y-1_U5,-9999,-9999,FXX,2,80.57531564542555,1,0,0.0,0,0,0,-9999.0,0.0,1,P3_CV0,2,0,2,1,1
4,2539041.489,728416.6747,R4_F4_m-1f-1_P4_Y-1_U6,-9999,-9999,MXY,3,113.07734281826743,1,0,0.0,0,0,0,-9999.0,0.5,1,P3_CV0,2,1,1,1,1
4,2539041.489,728416.6747,R4_F4_m-1f-1_P4_Y-1_U7,-9999,-9999,FXX,2,78.40331564542555,1,0,1.0,0,0,0,-9999.0,0.5,1,P3_CV0,2,1,1,0,2
4,2539041.489,728416.6747,R4_F4_m-1f-1_P4_Y-1_U8,-9999,-9999,FXX,3,113.07734281826743,1,0,3.0,0,0,0,-9999.0,1.0,1,P3_CV0,2,2,0,0,2
4,2539041.489,728416.6747,R4_F4_m-1f-1_P4_Y-1_U9,-9999,-9999,MXY,3,113.07734281826743,1,0,0.0,0,0,0,-9999.0,0.5,1,P3_CV0,2,1,1,1,1
4,2539041.489,728416.6747,R4_F4_m-1f-1_P4_Y-1_U10,-9999,-9999,FXX,1,56.91004203543207,0,0,0.0,0,0,0,-9999.0,0.5,1,P3_CV0,2,1,1,0,2
4,2539041.489,728416.6747,R4_F4_m-1f-1_P4_Y-1_U11,-9999,-9999,FXX,3,113.07734281826743,1,0,3.0,0,0,0,-9999.0,0.5,1,P3_CV0,2,1,1,2,0
4,2539041.489,728416.6747,R4_F4_m-1f-1_P4_Y-1_U12,-9999,-9999,MXY,1,56.91004203543207,0,0,0.0,0,0,0,-9999.0,0.0,1,P3_CV0,2,0,2,2,0
4,2539041.489,728416.6747,R4_F4_m-1f-1_P4_Y-1_U13,-9999,-9999,FXX,4,156.06257629726295,1,0,2.0,0,0,0,-9999.0,0.5,1,P3_CV0,2,1,1,2,0
4,2539041.489,728416.6747,R4_F4_m-1f-1_P4_Y-1_U14,-9999,-9999,FXX,1,56.91004203543207,0,0,0.0,0,0,0,-9999.0,1.0,1,P3_CV0,2,2,0,1,1
4,2539041.489,728416.6747,R4_F4_m-1f-1_P4_Y-1_U15,-9999,-9999,FXX,1,56.91004203543207,0,0,0.0,0,0,0,-9999.0,1.0,1,P3_CV0,2,2,0,1,1
4,2539041.489,728416.6747,R4_F4_m-1f-1_P4_Y-1_U16,-9999,-9999,MXY,4,140.10957629726298,1,0,0.0,0,0,0,-9999.0,0.0,1,P3_CV0,2,0,2,1,1
4,2539041.489,728416.6747,R4_F4_m-1f-1_P4_Y-1_U17,-9999,-9999,MXY,3,113.07734281826743,1,0,0.0,0,0,0,-9999.0,0.5,1,P3_CV0,2,1,1,0,2
4,2539041.489,728416.6747,R4_F4_m-1f-1_P4_Y-1_U18,-9999,-9999,MXY,2,87.09231564542554,1,0,0.0,0,0,0,-9999.0,0.5,1,P3_CV0,2,1,1,1,1
4,2539041.489,728416.6747,R4_F4_m-1f-1_P4_Y-1_U19,-9999,-9999,MXY,1,56.91004203543207,0,0,0.0,0,0,0,-9999.0,0.5,1,P3_CV0,2,1,1,0,2
4,2539041.489,728416.6747,R4_F4_m-1f-1_P4_Y-1_U20,-9999,-9999,FXX,2,83.78531564542554,1,0,1.0,0,0,0,-9999.0,0.5,1,P3_CV0,2,1,1,1,1
4,2539041.489,728416.6747,R4_F4_m-1f-1_P4_Y-1_U21,-9999,-9999,FXX,1,56.91004203543207,0,0,0.0,0,0,0,-9999.0,0.0,1,P3_CV0,2,0,2,2,0
4,2539041.489,728416.6747,R4_F4_m-1f-1_P4_Y-1_U22,-9999,-9999,FXX,1,56.91004203543207,0,0,0.0,0,0,0,-9999.0,0.0,1,P3_CV0,2,0,2,1,1
4,2539041.489,728416.6747,R4_F4_m-1f-1_P4_Y-1_U23,-9999,-9999,MXY,1,56.91004203543207,0,0,0.0,0,0,0,-9999.0,0.5,1,P3_CV0,2,1,1,1,1
4,2539041.489,728416.6747,R4_F4_m-1f-1_P4_Y-1_U24,-9999,-9999,MXY,1,56.91004203543207,0,0,0.0,0,0,0,-9999.0,1.0,1,P3_CV0,2,2,0,1,1
4,2539041.489,728416.6747,R4_F4_m-1f-1_P4_Y-1_U25,-9999,-9999,FXX,1,56.91004203543207,0,0,0.0,0,0,0,-9999.0,0.5,1,P3_CV0,2,1,1,1,1
4,2539041.489,728416.6747,R4_F4_m-1f-1_P4_Y-1_U26,-9999,-9999,FXX,1,56.91004203543207,0,0,0.0,0,0,0,-9999.0,0.5,1,P3_CV0,2,1,1,1,1
4,2539041.489,728416.6747,R4_F4_m-1f-1_P4_Y-1_U27,-9999,-9999,FXX,1,56.91004203543207,0,0,0.0,0,0,0,-9999.0,0.5,1,P3_CV0,2,1,1,2,0
4,2539041.489,728416.6747,R4_F4_m-1f-1_P4_Y-1_U28,-9999,-9999,MXY,3,113.07734281826743,1,0,0.0,0,0,0,-9999.0,0.5,1,P3_CV0,2,1,1,0,2
4,2539041.489,728416.6747,R4_F4_m-1f-1_P4_Y-1_U29,-9999,-9999,FXX,1,56.91004203543207,0,0,0.0,0,0,0,-9999.0,0.5,1,P3_CV0,2,1,1,2,0
4,2539041.489,728416.6747,R4_F4_m-1f-1_P4_Y-1_U30,-9999,-9999,MXY,1,56.91004203543207,0,0,0.0,0,0,0,-9999.0,0.5,1,P3_CV0,2,1,1,2,0
4,2539041.489,728416.6747,R4_F4_m-1f-1_P4_Y-1_U31,-9999,-9999,MXY,1,56.91004203543207,0,0,0.0,0,0,0,-9999.0,0.0,1,P3_CV0,2,0,2,1,1
4,2539041.489,728416.6747,R4_F4_m-1f-1_P4_Y-1_U32,-9999,-9999,FXX,3,113.07734281826743,1,0,1.0,0,0,0,-9999.0,1.0,1,P3_CV0,2,2,0,1,1
4,2539041.489,728416.6747,R4_F4_m-1f-1_P4_Y-1_U33,-9999,-9999,FXX,1,56.91004203543207,0,0,0.0,0,0,0,-9999.0,0.5,1,P3_CV0,2,1,1,1,1
4,2539041.489,728416.6747,R4_F4_m-1f-1_P4_Y-1_U34,-9999,-9999,MXY,1,56.91004203543207,0,0,0.0,0,0,0,-9999.0,1.0,1,P3_CV0,2,2,0,0,2
4,2539041.489,728416.6747,R4_F4_m-1f-1_P4_Y-1_U35,-9999,-9999,MXY,1,56.91004203543207,0,0,0.0,0,0,0,-9999.0,0.5,1,P3_CV0,2,1,1,2,0
4,2539041.489,728416.6747,R4_F4_m-1f-1_P4_Y-1_U36,-9999,-9999,FXX,2,74.41531564542555,1,0,0.0,0,0,0,-9999.0,1.0,1,P3_CV0,2,2,0,2,0
4,2539041.489,728416.6747,R4_F4_m-1f-1_P4_Y-1_U37,-9999,-9999,MXY,1,56.91004203543207,0,0,0.0,0,0,0,-9999.0,0.0,1,P3_CV0,2,0,2,2,0
4,2539041.489,728416.6747,R4_F4_m-1f-1_P4_Y-1_U38,-9999,-9999,FXX,3,113.07734281826743,1,0,1.0,0,0,0,-9999.0,0.5,1,P3_CV0,2,1,1,1,1
4,2539041.489,728416.6747,R4_F4_m-1f-1_P4_Y-1_U39,-9999,-9999,FXX,1,56.91004203543207,0,0,0.0,0,0,0,-9999.0,0.5,1,P3_CV0,2,1,1,2,0
4,2539041.489,728416.6747,R4_F4_m-1f-1_P4_Y-1_U40,-9999,-9999,FXX,3,113.07734281826743,1,0,2.0,0,0,0,-9999.0,0.0,1,P3_CV0,2,0,2,0,2
4,2539041.489,728416.6747,R4_F4_m-1f-1_P4_Y-1_U41,-9999,-9999,MXY,1,56.91004203543207,0,0,0.0,0,0,0,-9999.0,0.5,1,P3_CV0,2,1,1,1,1
4,2539041.489,728416.6747,R4_F4_m-1f-1_P4_Y-1_U42,-9999,-9999,MXY,1,56.91004203543207,0,0,0.0,0,0,0,-9999.0,1.0,1,P3_CV0,2,2,0,1,1
4,2539041.489,728416.6747,R4_F4_m-1f-1_P4_Y-1_U43,-9999,-9999,MXY,3,113.07734281826743,1,0,0.0,0,0,0,-9999.0,0.5,1,P3_CV0,2,1,1,0,2
4,2539041.489,728416.6747,R4_F4_m-1f-1_P4_Y-1_U44,-9999,-9999,FXX,1,56.91004203543207,0,0,0.0,0,0,0,-9999.0,0.5,1,P3_CV0,2,1,1,0,2
4,2539041.489,728416.6747,R4_F4_m-1f-1_P4_Y-1_U45,-9999,-9999,FXX,1,56.91004203543207,0,0,0.0,0,0,0,-9999.0,0.5,1,P3_CV0,2,1,1,1,1
4,2539041.489,728416.6747,R4_F4_m-1f-1_P4_Y-1_U46,-9999,-9999,FXX,2,73.44731564542555,1,0,0.0,0,0,0,-9999.0,0.5,1,P3_CV0,2,1,1,1,1
4,2539041.489,728416.6747,R4_F4_m-1f-1_P4_Y-1_U47,-9999,-9999,MXY,2,85.85231564542555,1,0,0.0,0,0,0,-9999.0,0.0,1,P3_CV0,2,0,2,1,1
4,2539041.489,728416.6747,R4_F4_m-1f-1_P4_Y-1_U48,-9999,-9999,MXY,2,74.21631564542554,1,0,0.0,0,0,0,-9999.0,0.5,1,P3_CV0,2,1,1,2,0
4,2539041.489,728416.6747,R4_F4_m-1f-1_P4_Y-1_U49,-9999,-9999,MXY,1,56.91004203543207,0,0,0.0,0,0,0,-9999.0,0.5,1,P3_CV0,2,1,1,1,1
4,2539041.489,728416.6747,R4_F4_m-1f-1_P4_Y-1_U50,-9999,-9999,FXX,3,113.07734281826743,1,0,0.0,0,0,0,-9999.0,0.5,1,P3_CV0,2,1,1,1,1
4,2539041.489,728416.6747,R4_F4_m-1f-1_P4_Y-1_U51,-9999,-9999,MXY,2,78.40331564542555,1,0,0.0,0,0,0,-9999.0,0.5,1,P3_CV0,2,1,1,0,2
4,2539041.489,728416.6747,R4_F4_m-1f-1_P4_Y-1_U52,-9999,-9999,FXX,2,88.71531564542555,1,0,2.0,0,0,0,-9999.0,1.0,1,P3_CV0,2,2,0,0,2
4,2539041.489,728416.6747,R4_F4_m-1f-1_P4_Y-1_U53,-9999,-9999,FXX,1,56.91004203543207,0,0,0.0,0,0,0,-9999.0,0.0,1,P3_CV0,2,0,2,1,1
4,2539041.489,728416.6747,R4_F4_m-1f-1_P4_Y-1_U54,-9999,-9999,FXX,1,56.91004203543207,0,0,0.0,0,0,0,-9999.0,0.0,1,P3_CV0,2,0,2,2,0
4,2539041.489,728416.6747,R4_F4_m-1f-1_P4_Y-1_U55,-9999,-9999,FXX,1,56.91004203543207,0,0,0.0,0,0,0,-9999.0,0.5,1,P3_CV0,2,1,1,1,1
4,2539041.489,728416.6747,R4_F4_m-1f-1_P4_Y-1_U56,-9999,-9999,MXY,1,56.91004203543207,0,0,0.0,0,0,0,-9999.0,0.5,1,P3_CV0,2,1,1,1,1
4,2539041.489,728416.6747,R4_F4_m-1f-1_P4_Y-1_U57,-9999,-9999,MXY,2,73.46731564542554,1,0,0.0,0,0,0,-9999.0,1.0,1,P3_CV0,2,2,0,2,0
4,2539041.489,728416.6747,R4_F4_m-1f-1_P4_Y-1_U58,-9999,-9999,FXX,1,56.91004203543207,0,0,0.0,0,0,0,-9999.0,0.0,1,P3_CV0,2,0,2,2,0
4,2539041.489,728416.6747,R4_F4_m-1f-1_P4_Y-1_U59,-9999,-9999,FXX,3,113.07734281826743,1,0,1.0,0,0,0,-9999.0,0.0,1,P3_CV0,2,0,2,1,1
4,2539041.489,728416.6747,R4_F4_m-1f-1_P4_Y-1_U60,-9999,-9999,MXY,1,56.91004203543207,0,0,0.0,0,0,0,-9999.0,1.0,1,P3_CV0,2,2,0,2,0
4,2539041.489,728416.6747,R4_F4_m-1f-1_P4_Y-1_U61,-9999,-9999,MXY,1,56.91004203543207,0,0,0.0,0,0,0,-9999.0,0.0,1,P3_CV0,2,0,2,0,2
4,2539041.489,728416.6747,R4_F4_m-1f-1_P4_Y-1_U62,-9999,-9999,FXX,2,72.98931564542555,1,0,1.0,0,0,0,-9999.0,0.5,1,P3_CV0,2,1,1,2,0
4,2539041.489,728416.6747,R4_F4_m-1f-1_P4_Y-1_U63,-9999,-9999,MXY,2,85.47831564542554,1,0,0.0,0,0,0,-9999.0,0.5,1,P3_CV0,2,1,1,1,1
4,2539041.489,728416.6747,R4_F4_m-1f-1_P4_Y-1_U64,-9999,-9999,MXY,3,113.07734281826743,1,0,0.0,0,0,0,-9999.0,0.5,1,P3_CV0,2,1,1,1,1
4,2539041.489,728416.6747,R4_F4_m-1f-1_P4_Y-1_U65,-9999,-9999,FXX,1,56.91004203543207,0,0,0.0,0,0,0,-9999.0,0.5,1,P3_CV0,2,1,1,1,1
4,2539041.489,728416.6747,R4_F4_m-1f-1_P4_Y-1_U66,-9999,-9999,MXY,2,78.15431564542554,1,0,0.0,0,0,0,-9999.0,0.5,1,P3_CV0,2,1,1,2,0
4,2539041.489,728416.6747,R4_F4_m-1f-1_P4_Y-1_U67,-9999,-9999,MXY,1,56.91004203543207,0,0,0.0,0,0,0,-9999.0,0.0,1,P3_CV0,2,0,2,1,1
4,2539041.489,728416.6747,R4_F4_m-1f-1_P4_Y-1_U68,-9999,-9999,FXX,1,56.91004203543207,0,0,0.0,0,0,0,-9999.0,1.0,1,P3_CV0,2,2,0,1,1
4,2539041.489,728416.6747,R4_F4_m-1f-1_P4_Y-1_U69,-9999,-9999,FXX,2,85.71931564542554,1,0,2.0,0,0,0,-9999.0,1.0,1,P3_CV0,2,2,0,1,1
4,2539041.489,728416.6747,R4_F4_m-1f-1_P4_Y-1_U70,-9999,-9999,MXY,4,146.90657629726294,1,0,0.0,0,0,0,-9999.0,0.5,1,P3_CV0,2,1,1,0,2
4,2539041.489,728416.6747,R4_F4_m-1f-1_P4_Y-1_U71,-9999,-9999,FXX,3,113.07734281826743,1,0,0.0,0,0,0,-9999.0,0.5,1,P3_CV0,2,1,1,1,1
4,2539041.489,728416.6747,R4_F4_m-1f-1_P4_Y-1_U72,-9999,-9999,MXY,1,56.91004203543207,0,0,0.0,0,0,0,-9999.0,1.0,1,P3_CV0,2,2,0,0,2
4,2539041.489,728416.6747,R4_F4_m-1f-1_P4_Y-1_U73,-9999,-9999,FXX,1,56.91004203543207,0,0,0.0,0,0,0,-9999.0,0.5,1,P3_CV0,2,1,1,1,1
4,2539041.489,728416.6747,R4_F4_m-1f-1_P4_Y-1_U74,-9999,-9999,FXX,3,113.07734281826743,1,0,1.0,0,0,0,-9999.0,0.5,1,P3_CV0,2,1,1,2,0
4,2539041.489,728416.6747,R4_F4_m-1f-1_P4_Y-1_U75,-9999,-9999,MXY,1,56.91004203543207,0,0,0.0,0,0,0,-9999.0,0.0,1,P3_CV0,2,0,2,0,2
4,2539041.489,728416.6747,R4_F4_m-1f-1_P4_Y-1_U76,-9999,-9999,FXX,1,56.91004203543207,0,0,0.0,0,0,0,-9999.0,0.0,1,P3_CV0,2,0,2,2,0
4,2539041.489,728416.6747,R4_F4_m-1f-1_P4_Y-1_U77,-9999,-9999,MXY,1,56.91004203543207,0,0,0.0,0,0,0,-9999.0,0.0,1,P3_CV0,2,0,2,1,1
4,2539041.489,728416.6747,R4_F4_m-1f-1_P4_Y-1_U78,-9999,-9999,FXX,1,56.91004203543207,0,0,0.0,0,0,0,-9999.0,0.5,1,P3_CV0,2,1,1,0,2
4,2539041.489,728416.6747,R4_F4_m-1f-1_P4_Y-1_U79,-9999,-9999,MXY,4,154.62057629726297,1,0,0.0,0,0,0,-9999.0,0.5,1,P3_CV0,2,1,1,0,2
4,2539041.489,728416.6747,R4_F4_m-1f-1_P4_Y-1_U80,-9999,-9999,FXX,1,56.91004203543207,0,0,0.0,0,0,0,-9999.0,1.0,1,P3_CV0,2,2,0,1,1
4,2539041.489,728416.6747,R4_F4_m-1f-1_P4_Y-1_U81,-9999,-9999,FXX,1,56.91004203543207,0,0,0.0,0,0,0,-9999.0,0.5,1,P3_CV0,2,1,1,2,0
4,2539041.489,728416.6747,R4_F4_m-1f-1_P4_Y-1_U82,-9999,-9999,MXY,5,163.26706143028034,1,0,0.0,0,0,0,-9999.0,1.0,1,P3_CV0,2,2,0,1,1
4,2539041.489,728416.6747,R4_F4_m-1f-1_P4_Y-1_U83,-9999,-9999,FXX,1,56.91004203543207,0,0,0.0,0,0,0,-9999.0,1.0,1,P3_CV0,2,2,0,1,1
4,2539041.489,728416.6747,R4_F4_m-1f-1_P4_Y-1_U84,-9999,-9999,MXY,1,56.91004203543207,0,0,0.0,0,0,0,-9999.0,0.0,1,P3_CV0,2,0,2,0,2
4,2539041.489,728416.6747,R4_F4_m-1f-1_P4_Y-1_U85,-9999,-9999,MXY,1,56.91004203543207,0,0,0.0,0,0,0,-9999.0,1.0,1,P3_CV0,2,2,0,1,1
4,2539041.489,728416.6747,R4_F4_m-1f-1_P4_Y-1_U86,-9999,-9999,FXX,1,56.91004203543207,0,0,0.0,0,0,0,-9999.0,0.5,1,P3_CV0,2,1,1,0,2
4,2539041.489,728416.6747,R4_F4_m-1f-1_P4_Y-1_U87,-9999,-9999,MXY,2,72.78231564542554,1,0,0.0,0,0,0,-9999.0,0.0,1,P3_CV0,2,0,2,2,0
4,2539041.489,728416.6747,R4_F4_m-1f-1_P4_Y-1_U88,-9999,-9999,FXX,3,113.07734281826743,1,0,2.0,0,0,0,-9999.0,0.5,1,P3_CV0,2,1,1,1,1
4,2539041.489,728416.6747,R4_F4_m-1f-1_P4_Y-1_U89,-9999,-9999,MXY,4,133.43157629726298,1,0,0.0,0,0,0,-9999.0,0.5,1,P3_CV0,2,1,1,2,0
4,2539041.489,728416.6747,R4_F4_m-1f-1_P4_Y-1_U90,-9999,-9999,MXY,2,82.93231564542555,1,0,0.0,0,0,0,-9999.0,0.0,1,P3_CV0,2,0,2,0,2
4,2539041.489,728416.6747,R4_F4_m-1f-1_P4_Y-1_U91,-9999,-9999,MXY,2,82.16731564542555,1,0,0.0,0,0,0,-9999.0,0.5,1,P3_CV0,2,1,1,1,1
4,2539041.489,728416.6747,R4_F4_m-1f-1_P4_Y-1_U92,-9999,-9999,FXX,1,56.91004203543207,0,0,0.0,0,0,0,-9999.0,1.0,1,P3_CV0,2,2,0,1,1
4,2539041.489,728416.6747,R4_F4_m-1f-1_P4_Y-1_U93,-9999,-9999,FXX,5,144.29606143028033,1,0,1.0,0,0,0,-9999.0,0.5,1,P3_CV0,2,1,1,2,0
4,2539041.489,728416.6747,R4_F4_m-1f-1_P4_Y-1_U94,-9999,-9999,FXX,1,56.91004203543207,0,0,0.0,0,0,0,-9999.0,1.0,1,P3_CV0,2,2,0,0,2
4,2539041.489,728416.6747,R4_F4_m-1f-1_P4_Y-1_U95,-9999,-9999,MXY,2,80.15431564542554,1,0,0.0,0,0,0,-9999.0,0.0,1,P3_CV0,2,0,2,1,1
4,2539041.489,728416.6747,R4_F4_m-1f-1_P4_Y-1_U96,-9999,-9999,MXY,4,137.19457629726296,1,0,0.0,0,0,0,-9999.0,1.0,1,P3_CV0,2,2,0,2,0
4,2539041.489,728416.6747,R4_F4_m-1f-1_P4_Y-1_U97,-9999,-9999,FXX,2,78.14331564542555,1,0,2.0,0,0,0,-9999.0,0.0,1,P3_CV0,2,0,2,1,1
4,2539041.489,728416.6747,R4_F4_m-1f-1_P4_Y-1_U98,-9999,-9999,FXX,4,134.32057629726296,1,0,1.0,0,0,0,-9999.0,0.0,1,P3_CV0,2,0,2,1,1
4,2539041.489,728416.6747,R4_F4_m-1f-1_P4_Y-1_U99,-9999,-9999,MXY,5,160.16106143028034,1,0,0.0,0,0,0,-9999.0,0.0,1,P3_CV0,2,0,2,1,1
4,2539041.489,728416.6747,R4_F4_m-1f-1_P4_Y-1_U100,-9999,-9999,MXY,2,78.18631564542554,1,0,0.0,0,0,0,-9999.0,0.5,1,P3_CV0,2,1,1,0,2
4,2539041.489,728416.6747,R4_F4_m-1f-1_P4_Y-1_U101,-9999,-9999,FXX,2,82.87531564542554,1,0,1.0,0,0,0,-9999.0,0.0,1,P3_CV0,2,0,2,1,1
4,2539041.489,728416.6747,R4_F4_m-1f-1_P4_Y-1_U102,-9999,-9999,FXX,1,56.91004203543207,0,0,0.0,0,0,0,-9999.0,1.0,1,P3_CV0,2,2,0,1,1
4,2539041.489,728416.6747,R4_F4_m-1f-1_P4_Y-1_U103,-9999,-9999,MXY,1,56.91004203543207,0,0,0.0,0,0,0,-9999.0,1.0,1,P3_CV0,2,2,0,2,0
4,2539041.489,728416.6747,R4_F4_m-1f-1_P4_Y-1_U104,-9999,-9999,FXX,4,132.04857629726297,1,0,2.0,0,0,0,-9999.0,1.0,1,P3_CV0,2,2,0,2,0
4,2539041.489,728416.6747,R4_F4_m-1f-1_P4_Y-1_U105,-9999,-9999,MXY,2,84.87931564542555,1,0,0.0,0,0,0,-9999.0,0.0,1,P3_CV0,2,0,2,0,2
4,2539041.489,728416.6747,R4_F4_m-1f-1_P4_Y-1_U106,-9999,-9999,FXX,4,128.00357629726295,1,0,0.0,0,0,0,-9999.0,0.5,1,P3_CV0,2,1,1,1,1
4,2539041.489,728416.6747,R4_F4_m-1f-1_P4_Y-1_U107,-9999,-9999,MXY,1,56.91004203543207,0,0,0.0,0,0,0,-9999.0,0.0,1,P3_CV0,2,0,2,1,1
4,2539041.489,728416.6747,R4_F4_m-1f-1_P4_Y-1_U108,-9999,-9999,FXX,2,82.50831564542554,1,0,1.0,0,0,0,-9999.0,0.5,1,P3_CV0,2,1,1,1,1
4,2539041.489,728416.6747,R4_F4_m-1f-1_P4_Y-1_U109,-9999,-9999,MXY,1,56.91004203543207,0,0,0.0,0,0,0,-9999.0,0.5,1,P3_CV0,2,1,1,1,1
4,2539041.489,728416.6747,R4_F4_m-1f-1_P4_Y-1_U110,-9999,-9999,FXX,5,146.47106143028032,1,0,0.0,0,0,0,-9999.0,0.5,1,P3_CV0,2,1,1,2,0
4,2539041.489,728416.6747,R4_F4_m-1f-1_P4_Y-1_U111,-9999,-9999,FXX,1,56.91004203543207,0,0,0.0,0,0,0,-9999.0,1.0,1,P3_CV0,2,2,0,0,2
4,2539041.489,728416.6747,R4_F4_m-1f-1_P4_Y-1_U112,-9999,-9999,FXX,2,88.75531564542554,1,0,2.0,0,0,0,-9999.0,0.5,1,P3_CV0,2,1,1,0,2
4,2539041.489,728416.6747,R4_F4_m-1f-1_P4_Y-1_U113,-9999,-9999,FXX,2,80.50631564542554,1,0,2.0,0,0,0,-9999.0,1.0,1,P3_CV0,2,2,0,1,1
4,2539041.489,728416.6747,R4_F4_m-1f-1_P4_Y-1_U114,-9999,-9999,MXY,4,128.72257629726298,1,0,0.0,0,0,0,-9999.0,0.5,1,P3_CV0,2,1,1,0,2
4,2539041.489,728416.6747,R4_F4_m-1f-1_P4_Y-1_U115,-9999,-9999,FXX,1,56.91004203543207,0,0,0.0,0,0,0,-9999.0,0.5,1,P3_CV0,2,1,1,2,0
4,2539041.489,728416.6747,R4_F4_m-1f-1_P4_Y-1_U116,-9999,-9999,FXX,6,197.6591833478586,1,0,0.0,0,0,0,-9999.0,0.5,1,P3_CV0,2,1,1,2,0
4,2539041.489,728416.6747,R4_F4_m-1f-1_P4_Y-1_U117,-9999,-9999,FXX,1,56.91004203543207,0,0,0.0,0,0,0,-9999.0,0.5,1,P3_CV0,2,1,1,2,0
4,2539041.489,728416.6747,R4_F4_m-1f-1_P4_Y-1_U118,-9999,-9999,MXY,1,56.91004203543207,0,0,0.0,0,0,0,-9999.0,0.5,1,P3_CV0,2,1,1,2,0
4,2539041.489,728416.6747,R4_F4_m-1f-1_P4_Y-1_U119,-9999,-9999,FXX,3,113.07734281826743,1,0,1.0,0,0,0,-9999.0,0.5,1,P3_CV0,2,1,1,1,1
4,2539041.489,728416.6747,R4_F4_m-1f-1_P4_Y-1_U120,-9999,-9999,MXY,1,56.91004203543207,0,0,0.0,0,0,0,-9999.0,0.0,1,P3_CV0,2,0,2,0,2
4,2539041.489,728416.6747,R4_F4_m-1f-1_P4_Y-1_U121,-9999,-9999,MXY,1,56.91004203543207,0,0,0.0,0,0,0,-9999.0,1.0,1,P3_CV0,2,2,0,1,1
4,2539041.489,728416.6747,R4_F4_m-1f-1_P4_Y-1_U122,-9999,-9999,FXX,5,133.58706143028033,1,0,1.0,0,0,0,-9999.0,0.0,1,P3_CV0,2,0,2,1,1
4,2539041.489,728416.6747,R4_F4_m-1f-1_P4_Y-1_U123,-9999,-9999,FXX,1,56.91004203543207,0,0,0.0,0,0,0,-9999.0,1.0,1,P3_CV0,2,2,0,1,1
4,2539041.489,728416.6747,R4_F4_m-1f-1_P4_Y-1_U124,-9999,-9999,FXX,2,68.88531564542555,1,0,2.0,0,0,0,-9999.0,0.0,1,P3_CV0,2,0,2,1,1
5,2535011.582,720257.8531,R5_F5_m-1f-1_P5_Y-1_U0,-9999,-9999,MXY,1,59.40410413654734,0,0,0.0,0,0,0,-9999.0,0.0,1,P4_CV0,3,0,2,1,1
5,2535011.582,720257.8531,R5_F5_m-1f-1_P5_Y-1_U1,-9999,-9999,FXX,2,76.66298810297302,1,0,0.0,0,0,0,-9999.0,0.5,1,P4_CV0,3,1,1,1,1
5,2535011.582,720257.8531,R5_F5_m-1f-1_P5_Y-1_U2,-9999,-9999,FXX,2,77.76598810297301,1,0,1.0,0,0,0,-9999.0,0.5,1,P4_CV0,3,1,1,2,0
5,2535011.582,720257.8531,R5_F5_m-1f-1_P5_Y-1_U3,-9999,-9999,MXY,1,59.40410413654734,0,0,0.0,0,0,0,-9999.0,0.0,1,P4_CV0,3,0,2,1,1
5,2535011.582,720257.8531,R5_F5_m-1f-1_P5_Y-1_U4,-9999,-9999,MXY,1,59.40410413654734,0,0,0.0,0,0,0,-9999.0,1.0,1,P4_CV0,3,2,0,1,1
5,2535011.582,720257.8531,R5_F5_m-1f-1_P5_Y-1_U5,-9999,-9999,MXY,1,59.40410413654734,0,0,0.0,0,0,0,-9999.0,1.0,1,P4_CV0,3,2,0,1,1
5,2535011.582,720257.8531,R5_F5_m-1f-1_P5_Y-1_U6,-9999,-9999,MXY,2,80.58098810297301,1,0,0.0,0,0,0,-9999.0,0.5,1,P4_CV0,3,1,1,0,2
5,2535011.582,720257.8531,R5_F5_m-1f-1_P5_Y-1_U7,-9999,-9999,FXX,1,59.40410413654734,0,0,0.0,0,0,0,-9999.0,0.0,1,P4_CV0,3,0,2,0,2
5,2535011.582,720257.8531,R5_F5_m-1f-1_P5_Y-1_U8,-9999,-9999,FXX,1,59.40410413654734,0,0,0.0,0,0,0,-9999.0,0.5,1,P4_CV0,3,1,1,1,1
5,2535011.582,720257.8531,R5_F5_m-1f-1_P5_Y-1_U9,-9999,-9999,FXX,1,59.40410413654734,0,0,0.0,0,0,0,-9999.0,0.0,1,P4_CV0,3,0,2,1,1
5,2535011.582,720257.8531,R5_F5_m-1f-1_P5_Y-1_U10,-9999,-9999,FXX,2,80.65498810297302,1,0,1.0,0,0,0,-9999.0,0.5,1,P4_CV0,3,1,1,1,1
5,2535011.582,720257.8531,R5_F5_m-1f-1_P5_Y-1_U11,-9999,-9999,FXX,1,59.40410413654734,0,0,0.0,0,0,0,-9999.0,0.0,1,P4_CV0,3,0,2,1,1
5,2535011.582,720257.8531,R5_F5_m-1f-1_P5_Y-1_U12,-9999,-9999,FXX,2,80.03698810297303,1,0,1.0,0,0,0,-9999.0,0.5,1,P4_CV0,3,1,1,1,1
5,2535011.582,720257.8531,R5_F5_m-1f-1_P5_Y-1_U13,-9999,-9999,MXY,2,92.06898810297301,1,0,0.0,0,0,0,-9999.0,1.0,1,P4_CV0,3,2,0,2,0
5,2535011.582,720257.8531,R5_F5_m-1f-1_P5_Y-1_U14,-9999,-9999,FXX,1,59.40410413654734,0,0,0.0,0,0,0,-9999.0,0.5,1,P4_CV0,3,1,1,2,0
5,2535011.582,720257.8531,R5_F5_m-1f-1_P5_Y-1_U15,-9999,-9999,MXY,1,59.40410413654734,0,0,0.0,0,0,0,-9999.0,1.0,1,P4_CV0,3,2,0,1,1
5,2535011.582,720257.8531,R5_F5_m-1f-1_P5_Y-1_U16,-9999,-9999,FXX,1,59.40410413654734,0,0,0.0,0,0,0,-9999.0,0.5,1,P4_CV0,3,1,1,1,1
5,2535011.582,720257.8531,R5_F5_m-1f-1_P5_Y-1_U17,-9999,-9999,MXY,1,59.40410413654734,0,0,0.0,0,0,0,-9999.0,0.5,1,P4_CV0,3,1,1,0,2
5,2535011.582,720257.8531,R5_F5_m-1f-1_P5_Y-1_U18,-9999,-9999,FXX,4,147.31692680404075,1,0,0.0,0,0,0,-9999.0,0.0,1,P4_CV0,3,0,2,2,0
5,2535011.582,720257.8531,R5_F5_m-1f-1_P5_Y-1_U19,-9999,-9999,MXY,1,59.40410413654734,0,0,0.0,0,0,0,-9999.0,0.5,1,P4_CV0,3,1,1,1,1
5,2535011.582,720257.8531,R5_F5_m-1f-1_P5_Y-1_U20,-9999,-9999,MXY,1,59.40410413654734,0,0,0.0,0,0,0,-9999.0,0.5,1,P4_CV0,3,1,1,1,1
5,2535011.582,720257.8531,R5_F5_m-1f-1_P5_Y-1_U21,-9999,-9999,MXY,2,93.12498810297302,1,0,0.0,0,0,0,-9999.0,0.5,1,P4_CV0,3,1,1,2,0
5,2535011.582,720257.8531,R5_F5_m-1f-1_P5_Y-1_U22,-9999,-9999,MXY,2,78.48998810297302,1,0,0.0,0,0,0,-9999.0,1.0,1,P4_CV0,3,2,0,0,2
5,2535011.582,720257.8531,R5_F5_m-1f-1_P5_Y-1_U23,-9999,-9999,FXX,1,59.40410413654734,0,0,0.0,0,0,0,-9999.0,0.5,1,P4_CV0,3,1,1,1,1
5,2535011.582,720257.8531,R5_F5_m-1f-1_P5_Y-1_U24,-9999,-9999,MXY,4,134.15792680404076,1,0,0.0,0,0,0,-9999.0,0.5,1,P4_CV0,3,1,1,0,2
5,2535011.582,720257.8531,R5_F5_m-1f-1_P5_Y-1_U25,-9999,-9999,FXX,3,115.10621648212978,1,0,3.0,0,0,0,-9999.0,1.0,1,P4_CV0,3,2,0,1,1
5,2535011.582,720257.8531,R5_F5_m-1f-1_P5_Y-1_U26,-9999,-9999,MXY,2,75.14998810297303,1,0,0.0,0,0,0,-9999.0,0.0,1,P4_CV0,3,0,2,0,2
5,2535011.582,720257.8531,R5_F5_m-1f-1_P5_Y-1_U27,-9999,-9999,MXY,1,59.40410413654734,0,0,0.0,0,0,0,-9999.0,0.0,1,P4_CV0,3,0,2,1,1
5,2535011.582,720257.8531,R5_F5_m-1f-1_P5_Y-1_U28,-9999,-9999,FXX,2,86.51398810297302,1,0,0.0,0,0,0,-9999.0,1.0,1,P4_CV0,3,2,0,2,0
5,2535011.582,720257.8531,R5_F5_m-1f-1_P5_Y-1_U29,-9999,-9999,FXX,3,115.10621648212978,1,0,2.0,0,0,0,-9999.0,0.5,1,P4_CV0,3,1,1,2,0
5,2535011.582,720257.8531,R5_F5_m-1f-1_P5_Y-1_U30,-9999,-9999,MXY,3,115.10621648212978,1,0,0.0,0,0,0,-9999.0,0.5,1,P4_CV0,3,1,1,1,1
5,2535011.582,720257.8531,R5_F5_m-1f-1_P5_Y-1_U31,-9999,-9999,MXY,1,59.40410413654734,0,0,0.0,0,0,0,-9999.0,0.0,1,P4_CV0,3,0,2,2,0
5,2535011.582,720257.8531,R5_F5_m-1f-1_P5_Y-1_U32,-9999,-9999,MXY,4,121.90992680404075,1,0,0.0,0,0,0,-9999.0,1.0,1,P4_CV0,3,2,0,2,0
5,2535011.582,720257.8531,R5_F5_m-1f-1_P5_Y-1_U33,-9999,-9999,MXY,1,59.40410413654734,0,0,0.0,0,0,0,-9999.0,0.5,1,P4_CV0,3,1,1,0,2
5,2535011.582,720257.8531,R5_F5_m-1f-1_P5_Y-1_U34,-9999,-9999,FXX,1,59.40410413654734,0,0,0.0,0,0,0,-9999.0,0.5,1,P4_CV0,3,1,1,2,0
5,2535011.582,720257.8531,R5_F5_m-1f-1_P5_Y-1_U35,-9999,-9999,MXY,2,81.89498810297302,1,0,0.0,0,0,0,-9999.0,0.5,1,P4_CV0,3,1,1,1,1
5,2535011.582,720257.8531,R5_F5_m-1f-1_P5_Y-1_U36,-9999,-9999,MXY,1,59.40410413654734,0,0,0.0,0,0,0,-9999.0,1.0,1,P4_CV0,3,2,0,1,1
5,2535011.582,720257.8531,R5_F5_m-1f-1_P5_Y-1_U37,-9999,-9999,FXX,2,86.39898810297302,1,0,1.0,0,0,0,-9999.0,0.5,1,P4_CV0,3,1,1,0,2
5,2535011.582,720257.8531,R5_F5_m-1f-1_P5_Y-1_U38,-9999,-9999,FXX,2,84.86298810297302,1,0,0.0,0,0,0,-9999.0,0.5,1,P4_CV0,3,1,1,0,2
5,2535011.582,720257.8531,R5_F5_m-1f-1_P5_Y-1_U39,-9999,-9999,FXX,1,59.40410413654734,0,0,0.0,0,0,0,-9999.0,0.0,1,P4_CV0,3,0,2,0,2
5,2535011.582,720257.8531,R5_F5_m-1f-1_P5_Y-1_U40,-9999,-9999,MXY,1,59.40410413654734,0,0,0.0,0,0,0,-9999.0,0.5,1,P4_CV0,3,1,1,2,0
5,2535011.582,720257.8531,R5_F5_m-1f-1_P5_Y-1_U41,-9999,-9999,MXY,1,59.40410413654734,0,0,0.0,0,0,0,-9999.0,1.0,1,P4_CV0,3,2,0,2,0
5,2535011.582,720257.8531,R5_F5_m-1f-1_P5_Y-1_U42,-9999,-9999,FXX,2,86.57598810297301,1,0,2.0,0,0,0,-9999.0,0.0,1,P4_CV0,3,0,2,0,2
5,2535011.582,720257.8531,R5_F5_m-1f-1_P5_Y-1_U43,-9999,-9999,FXX,6,193.09891398274172,1,0,1.0,0,0,0,-9999.0,0.5,1,P4_CV0,3,1,1,2,0
5,2535011.582,720257.8531,R5_F5_m-1f-1_P5_Y-1_U44,-9999,-9999,FXX,3,115.10621648212978,1,0,3.0,0,0,0,-9999.0,0.5,1,P4_CV0,3,1,1,1,1
5,2535011.582,720257.8531,R5_F5_m-1f-1_P5_Y-1_U45,-9999,-9999,MXY,2,78.93698810297302,1,0,0.0,0,0,0,-9999.0,0.5,1,P4_CV0,3,1,1,0,2
5,2535011.582,720257.8531,R5_F5_m-1f-1_P5_Y-1_U46,-9999,-9999,FXX,4,135.13592680404076,1,0,3.0,0,0,0,-9999.0,0.0,1,P4_CV0,3,0,2,1,1
5,2535011.582,720257.8531,R5_F5_m-1f-1_P5_Y-1_U47,-9999,-9999,MXY,2,82.22098810297302,1,0,0.0,0,0,0,-9999.0,0.5,1,P4_CV0,3,1,1,2,0
5,2535011.582,720257.8531,R5_F5_m-1f-1_P5_Y-1_U48,-9999,-9999,FXX,1,59.40410413654734,0,0,0.0,0,0,0,-9999.0,1.0,1,P4_CV0,3,2,0,1,1
5,2535011.582,720257.8531,R5_F5_m-1f-1_P5_Y-1_U49,-9999,-9999,FXX,2,76.82798810297302,1,0,2.0,0,0,0,-9999.0,0.5,1,P4_CV0,3,1,1,2,0
5,2535011.582,720257.8531,R5_F5_m-1f-1_P5_Y-1_U50,-9999,-9999,FXX,1,59.40410413654734,0,0,0.0,0,0,0,-9999.0,0.0,1,P4_CV0,3,0,2,1,1
5,2535011.582,720257.8531,R5_F5_m-1f-1_P5_Y-1_U51,-9999,-9999,FXX,1,59.40410413654734,0,0,0.0,0,0,0,-9999.0,1.0,1,P4_CV0,3,2,0,1,1
5,2535011.582,720257.8531,R5_F5_m-1f-1_P5_Y-1_U52,-9999,-9999,MXY,1,59.40410413654734,0,0,0.0,0,0,0,-9999.0,1.0,1,P4_CV0,3,2,0,2,0
5,2535011.582,720257.8531,R5_F5_m-1f-1_P5_Y-1_U53,-9999,-9999,MXY,1,59.40410413654734,0,0,0.0,0,0,0,-9999.0,1.0,1,P4_CV0,3,2,0,1,1
5,2535011.582,720257.8531,R5_F5_m-1f-1_P5_Y-1_U54,-9999,-9999,MXY,1,59.40410413654734,0,0,0.0,0,0,0,-9999.0,0.0,1,P4_CV0,3,0,2,2,0
5,2535011.582,720257.8531,R5_F5_m-1f-1_P5_Y-1_U55,-9999,-9999,MXY,1,59.40410413654734,0,0,0.0,0,0,0,-9999.0,0.0,1,P4_CV0,3,0,2,2,0
5,2535011.582,720257.8531,R5_F5_m-1f-1_P5_Y-1_U56,-9999,-9999,FXX,1,59.40410413654734,0,0,0.0,0,0,0,-9999.0,1.0,1,P4_CV0,3,2,0,2,0
5,2535011.582,720257.8531,R5_F5_m-1f-1_P5_Y-1_U57,-9999,-9999,MXY,2,85.75198810297302,1,0,0.0,0,0,0,-9999.0,0.5,1,P4_CV0,3,1,1,1,1
5,2535011.582,720257.8531,R5_F5_m-1f-1_P5_Y-1_U58,-9999,-9999,MXY,2,77.09998810297301,1,0,0.0,0,0,0,-9999.0,1.0,1,P4_CV0,3,2,0,1,1
5,2535011.582,720257.8531,R5_F5_m-1f-1_P5_Y-1_U59,-9999,-9999,MXY,2,86.44998810297301,1,0,0.0,0,0,0,-9999.0,0.0,1,P4_CV0,3,0,2,2,0
5,2535011.582,720257.8531,R5_F5_m-1f-1_P5_Y-1_U60,-9999,-9999,MXY,4,137.30592680404075,1,0,0.0,0,0,0,-9999.0,0.0,1,P4_CV0,3,0,2,1,1
5,2535011.582,720257.8531,R5_F5_m-1f-1_P5_Y-1_U61,-9999,-9999,FXX,2,90.94398810297301,1,0,4.0,0,0,0,-9999.0,0.5,1,P4_CV0,3,1,1,0,2
5,2535011.582,720257.8531,R5_F5_m-1f-1_P5_Y-1_U62,-9999,-9999,MXY,2,81.71298810297301,1,0,0.0,0,0,0,-9999.0,0.5,1,P4_CV0,3,1,1,2,0
5,2535011.582,720257.8531,R5_F5_m-1f-1_P5_Y-1_U63,-9999,-9999,FXX,1,59.40410413654734,0,0,0.0,0,0,0,-9999.0,0.0,1,P4_CV0,3,0,2,1,1
5,2535011.582,720257.8531,R5_F5_m-1f-1_P5_Y-1_U64,-9999,-9999,MXY,1,59.40410413654734,0,0,0.0,0,0,0,-9999.0,0.5,1,P4_CV0,3,1,1,0,2
5,2535011.582,720257.8531,R5_F5_m-1f-1_P5_Y-1_U65,-9999,-9999,FXX,1,59.40410413654734,0,0,0.0,0,0,0,-9999.0,1.0,1,P4_CV0,3,2,0,2,0
5,2535011.582,720257.8531,R5_F5_m-1f-1_P5_Y-1_U66,-9999,-9999,FXX,3,115.10621648212978,1,0,1.0,0,0,0,-9999.0,0.5,1,P4_CV0,3,1,1,2,0
5,2535011.582,720257.8531,R5_F5_m-1f-1_P5_Y-1_U67,-9999,-9999,FXX,1,59.40410413654734,0,0,0.0,0,0,0,-9999.0,0.5,1,P4_CV0,3,1,1,1,1
5,2535011.582,720257.8531,R5_F5_m-1f-1_P5_Y-1_U68,-9999,-9999,FXX,1,59.40410413654734,0,0,0.0,0,0,0,-9999.0,1.0,1,P4_CV0,3,2,0,0,2
5,2535011.582,720257.8531,R5_F5_m-1f-1_P5_Y-1_U69,-9999,-9999,FXX,1,59.40410413654734,0,0,0.0,0,0,0,-9999.0,0.0,1,P4_CV0,3,0,2,0,2
5,2535011.582,720257.8531,R5_F5_m-1f-1_P5_Y-1_U70,-9999,-9999,FXX,1,59.40410413654734,0,0,0.0,0,0,0,-9999.0,0.0,1,P4_CV0,3,0,2,1,1
5,2535011.582,720257.8531,R5_F5_m-1f-1_P5_Y-1_U71,-9999,-9999,FXX,1,59.40410413654734,0,0,0.0,0,0,0,-9999.0,0.0,1,P4_CV0,3,0,2,1,1
5,2535011.582,720257.8531,R5_F5_m-1f-1_P5_Y-1_U72,-9999,-9999,MXY,2,88.49498810297302,1,0,0.0,0,0,0,-9999.0,0.0,1,P4_CV0,3,0,2,1,1
5,2535011.582,720257.8531,R5_F5_m-1f-1_P5_Y-1_U73,-9999,-9999,MXY,1,59.40410413654734,0,0,0.0,0,0,0,-9999.0,0.5,1,P4_CV0,3,1,1,0,2
5,2535011.582,720257.8531,R5_F5_m-1f-1_P5_Y-1_U74,-9999,-9999,FXX,2,79.52398810297302,1,0,3.0,0,0,0,-9999.0,0.5,1,P4_CV0,3,1,1,1,1
5,2535011.582,720257.8531,R5_F5_m-1f-1_P5_Y-1_U75,-9999,-9999,MXY,1,59.40410413654734,0,0,0.0,0,0,0,-9999.0,0.0,1,P4_CV0,3,0,2,1,1
5,2535011.582,720257.8531,R5_F5_m-1f-1_P5_Y-1_U76,-9999,-9999,MXY,2,82.66498810297301,1,0,0.0,0,0,0,-9999.0,0.0,1,P4_CV0,3,0,2,2,0
5,2535011.582,720257.8531,R5_F5_m-1f-1_P5_Y-1_U77,-9999,-9999,MXY,5,159.69420383020295,1,0,0.0,0,0,0,-9999.0,0.0,1,P4_CV0,3,0,2,2,0
5,2535011.582,720257.8531,R5_F5_m-1f-1_P5_Y-1_U78,-9999,-9999,FXX,1,59.40410413654734,0,0,0.0,0,0,0,-9999.0,1.0,1,P4_CV0,3,2,0,1,1
5,2535011.582,720257.8531,R5_F5_m-1f-1_P5_Y-1_U79,-9999,-9999,MXY,1,59.40410413654734,0,0,0.0,0,0,0,-9999.0,1.0,1,P4_CV0,3,2,0,0,2
5,2535011.582,720257.8531,R5_F5_m-1f-1_P5_Y-1_U80,-9999,-9999,FXX,2,70.94198810297303,1,0,0.0,0,0,0,-9999.0,0.5,1,P4_CV0,3,1,1,1,1
5,2535011.582,720257.8531,R5_F5_m-1f-1_P5_Y-1_U81,-9999,-9999,FXX,3,115.10621648212978,1,0,1.0,0,0,0,-9999.0,0.5,1,P4_CV0,3,1,1,0,2
5,2535011.582,720257.8531,R5_F5_m-1f-1_P5_Y-1_U82,-9999,-9999,FXX,1,59.40410413654734,0,0,0.0,0,0,0,-9999.0,1.0,1,P4_CV0,3,2,0,0,2
5,2535011.582,720257.8531,R5_F5_m-1f-1_P5_Y-1_U83,-9999,-9999,FXX,1,59.40410413654734,0,0,0.0,0,0,0,-9999.0,1.0,1,P4_CV0,3,2,0,1,1
5,2535011.582,720257.8531,R5_F5_m-1f-1_P5_Y-1_U84,-9999,-9999,FXX,1,59.40410413654734,0,0,0.0,0,0,0,-9999.0,0.5,1,P4_CV0,3,1,1,2,0
5,2535011.582,720257.8531,R5_F5_m-1f-1_P5_Y-1_U85,-9999,-9999,FXX,1,59.40410413654734,0,0,0.0,0,0,0,-9999.0,1.0,1,P4_CV0,3,2,0,1,1
5,2535011.582,720257.8531,R5_F5_m-1f-1_P5_Y-1_U86,-9999,-9999,FXX,1,59.40410413654734,0,0,0.0,0,0,0,-9999.0,0.5,1,P4_CV0,3,1,1,1,1
5,2535011.582,720257.8531,R5_F5_m-1f-1_P5_Y-1_U87,-9999,-9999,FXX,5,136.27520383020294,1,0,0.0,0,0,0,-9999.0,1.0,1,P4_CV0,3,2,0,1,1
5,2535011.582,720257.8531,R5_F5_m-1f-1_P5_Y-1_U88,-9999,-9999,FXX,1,59.40410413654734,0,0,0.0,0,0,0,-9999.0,1.0,1,P4_CV0,3,2,0,1,1
5,2535011.582,720257.8531,R5_F5_m-1f-1_P5_Y-1_U89,-9999,-9999,FXX,2,79.95398810297303,1,0,1.0,0,0,0,-9999.0,0.5,1,P4_CV0,3,1,1,0,2
5,2535011.582,720257.8531,R5_F5_m-1f-1_P5_Y-1_U90,-9999,-9999,MXY,1,59.40410413654734,0,0,0.0,0,0,0,-9999.0,0.5,1,P4_CV0,3,1,1,0,2
5,2535011.582,720257.8531,R5_F5_m-1f-1_P5_Y-1_U91,-9999,-9999,FXX,1,59.40410413654734,0,0,0.0,0,0,0,-9999.0,1.0,1,P4_CV0,3,2,0,0,2
5,2535011.582,720257.8531,R5_F5_m-1f-1_P5_Y-1_U92,-9999,-9999,FXX,1,59.40410413654734,0,0,0.0,0,0,0,-9999.0,0.0,1,P4_CV0,3,0,2,1,1
5,2535011.582,720257.8531,R5_F5_m-1f-1_P5_Y-1_U93,-9999,-9999,MXY,1,59.40410413654734,0,0,0.0,0,0,0,-9999.0,0.5,1,P4_CV0,3,1,1,1,1
5,2535011.582,720257.8531,R5_F5_m-1f-1_P5_Y-1_U94,-9999,-9999,MXY,1,59.40410413654734,0,0,0.0,0,0,0,-9999.0,1.0,1,P4_CV0,3,2,0,1,1
5,2535011.582,720257.8531,R5_F5_m-1f-1_P5_Y-1_U95,-9999,-9999,FXX,1,59.40410413654734,0,0,0.0,0,0,0,-9999.0,1.0,1,P4_CV0,3,2,0,0,2
5,2535011.582,720257.8531,R5_F5_m-1f-1_P5_Y-1_U96,-9999,-9999,MXY,2,77.74898810297302,1,0,0.0,0,0,0,-9999.0,1.0,1,P4_CV0,3,2,0,1,1
5,2535011.582,720257.8531,R5_F5_m-1f-1_P5_Y-1_U97,-9999,-9999,FXX,1,59.40410413654734,0,0,0.0,0,0,0,-9999.0,0.0,1,P4_CV0,3,0,2,2,0
5,2535011.582,720257.8531,R5_F5_m-1f-1_P5_Y-1_U98,-9999,-9999,MXY,1,59.40410413654734,0,0,0.0,0,0,0,-9999.0,0.0,1,P4_CV0,3,0,2,1,1
5,2535011.582,720257.8531,R5_F5_m-1f-1_P5_Y-1_U99,-9999,-9999,MXY,2,84.12798810297302,1,0,0.0,0,0,0,-9999.0,0.0,1,P4_CV0,3,0,2,1,1
5,2535011.582,720257.8531,R5_F5_m-1f-1_P5_Y-1_U100,-9999,-9999,MXY,3,115.10621648212978,1,0,0.0,0,0,0,-9999.0,0.0,1,P4_CV0,3,0,2,1,1
5,2535011.582,720257.8531,R5_F5_m-1f-1_P5_Y-1_U101,-9999,-9999,FXX,3,115.10621648212978,1,0,2.0,0,0,0,-9999.0,0.0,1,P4_CV0,3,0,2,1,1
5,2535011.582,720257.8531,R5_F5_m-1f-1_P5_Y-1_U102,-9999,-9999,MXY,1,59.40410413654734,0,0,0.0,0,0,0,-9999.0,1.0,1,P4_CV0,3,2,0,2,0
5,2535011.582,720257.8531,R5_F5_m-1f-1_P5_Y-1_U103,-9999,-9999,FXX,6,178.80191398274172,1,0,1.0,0,0,0,-9999.0,0.5,1,P4_CV0,3,1,1,0,2
5,2535011.582,720257.8531,R5_F5_m-1f-1_P5_Y-1_U104,-9999,-9999,FXX,1,59.40410413654734,0,0,0.0,0,0,0,-9999.0,0.5,1,P4_CV0,3,1,1,1,1
5,2535011.582,720257.8531,R5_F5_m-1f-1_P5_Y-1_U105,-9999,-9999,MXY,2,78.89998810297303,1,0,0.0,0,0,0,-9999.0,1.0,1,P4_CV0,3,2,0,1,1
5,2535011.582,720257.8531,R5_F5_m-1f-1_P5_Y-1_U106,-9999,-9999,FXX,1,59.40410413654734,0,0,0.0,0,0,0,-9999.0,0.5,1,P4_CV0,3,1,1,1,1
5,2535011.582,720257.8531,R5_F5_m-1f-1_P5_Y-1_U107,-9999,-9999,MXY,1,59.40410413654734,0,0,0.0,0,0,0,-9999.0,0.0,1,P4_CV0,3,0,2,1,1
5,2535011.582,720257.8531,R5_F5_m-1f-1_P5_Y-1_U108,-9999,-9999,MXY,3,115.10621648212978,1,0,0.0,0,0,0,-9999.0,0.5,1,P4_CV0,3,1,1,0,2
5,2535011.582,720257.8531,R5_F5_m-1f-1_P5_Y-1_U109,-9999,-9999,FXX,2,81.81498810297302,1,0,1.0,0,0,0,-9999.0,0.0,1,P4_CV0,3,0,2,1,1
5,2535011.582,720257.8531,R5_F5_m-1f-1_P5_Y-1_U110,-9999,-9999,FXX,1,59.40410413654734,0,0,0.0,0,0,0,-9999.0,1.0,1,P4_CV0,3,2,0,1,1
5,2535011.582,720257.8531,R5_F5_m-1f-1_P5_Y-1_U111,-9999,-9999,MXY,1,59.40410413654734,0,0,0.0,0,0,0,-9999.0,0.5,1,P4_CV0,3,1,1,1,1
5,2535011.582,720257.8531,R5_F5_m-1f-1_P5_Y-1_U112,-9999,-9999,MXY,3,115.10621648212978,1,0,0.0,0,0,0,-9999.0,0.0,1,P4_CV0,3,0,2,2,0
5,2535011.582,720257.8531,R5_F5_m-1f-1_P5_Y-1_U113,-9999,-9999,MXY,2,80.30398810297302,1,0,0.0,0,0,0,-9999.0,0.5,1,P4_CV0,3,1,1,1,1
5,2535011.582,720257.8531,R5_F5_m-1f-1_P5_Y-1_U114,-9999,-9999,MXY,3,115.10621648212978,1,0,0.0,0,0,0,-9999.0,0.5,1,P4_CV0,3,1,1,1,1
5,2535011.582,720257.8531,R5_F5_m-1f-1_P5_Y-1_U115,-9999,-9999,MXY,2,77.82798810297302,1,0,0.0,0,0,0,-9999.0,0.5,1,P4_CV0,3,1,1,2,0
5,2535011.582,720257.8531,R5_F5_m-1f-1_P5_Y-1_U116,-9999,-9999,FXX,4,152.97392680404076,1,0,3.0,0,0,0,-9999.0,1.0,1,P4_CV0,3,2,0,1,1
5,2535011.582,720257.8531,R5_F5_m-1f-1_P5_Y-1_U117,-9999,-9999,FXX,2,82.11298810297302,1,0,1.0,0,0,0,-9999.0,0.5,1,P4_CV0,3,1,1,2,0
5,2535011.582,720257.8531,R5_F5_m-1f-1_P5_Y-1_U118,-9999,-9999,MXY,6,183.47991398274172,1,0,0.0,0,0,0,-9999.0,0.5,1,P4_CV0,3,1,1,1,1
5,2535011.582,720257.8531,R5_F5_m-1f-1_P5_Y-1_U119,-9999,-9999,MXY,2,75.27398810297302,1,0,0.0,0,0,0,-9999.0,0.5,1,P4_CV0,3,1,1,1,1
5,2535011.582,720257.8531,R5_F5_m-1f-1_P5_Y-1_U120,-9999,-9999,FXX,3,115.10621648212978,1,0,2.0,0,0,0,-9999.0,0.5,1,P4_CV0,3,1,1,2,0
5,2535011.582,720257.8531,R5_F5_m-1f-1_P5_Y-1_U121,-9999,-9999,FXX,2,86.12898810297301,1,0,1.0,0,0,0,-9999.0,0.5,1,P4_CV0,3,1,1,1,1
5,2535011.582,720257.8531,R5_F5_m-1f-1_P5_Y-1_U122,-9999,-9999,MXY,1,59.40410413654734,0,0,0.0,0,0,0,-9999.0,1.0,1,P4_CV0,3,2,0,1,1
5,2535011.582,720257.8531,R5_F5_m-1f-1_P5_Y-1_U123,-9999,-9999,FXX,2,85.27798810297301,1,0,1.0,0,0,0,-9999.0,0.0,1,P4_CV0,3,0,2,2,0
5,2535011.582,720257.8531,R5_F5_m-1f-1_P5_Y-1_U124,-9999,-9999,FXX,1,59.40410413654734,0,0,0.0,0,0,0,-9999.0,0.5,1,P4_CV0,3,1,1,2,0
6,2545325.475,726552.0418,R6_F6_m-1f-1_P6_Y-1_U0,-9999,-9999,MXY,3,110.14985712327892,1,0,0.0,0,0,0,-9999.0,1.0,1,P5_CV0,3,2,0,1,1
6,2545325.475,726552.0418,R6_F6_m-1f-1_P6_Y-1_U1,-9999,-9999,MXY,6,191.59402189503965,1,0,0.0,0,0,0,-9999.0,0.0,1,P5_CV0,3,0,2,0,2
6,2545325.475,726552.0418,R6_F6_m-1f-1_P6_Y-1_U2,-9999,-9999,MXY,1,53.31133046778898,0,0,0.0,0,0,0,-9999.0,0.5,1,P5_CV0,3,1,1,0,2
6,2545325.475,726552.0418,R6_F6_m-1f-1_P6_Y-1_U3,-9999,-9999,MXY,2,82.88759159270921,1,0,0.0,0,0,0,-9999.0,0.5,1,P5_CV0,3,1,1,1,1
6,2545325.475,726552.0418,R6_F6_m-1f-1_P6_Y-1_U4,-9999,-9999,FXX,2,73.23159159270921,1,0,0.0,0,0,0,-9999.0,0.5,1,P5_CV0,3,1,1,2,0
6,2545325.475,726552.0418,R6_F6_m-1f-1_P6_Y-1_U5,-9999,-9999,MXY,1,53.31133046778898,0,0,0.0,0,0,0,-9999.0,0.5,1,P5_CV0,3,1,1,1,1
6,2545325.475,726552.0418,R6_F6_m-1f-1_P6_Y-1_U6,-9999,-9999,MXY,2,82.91959159270921,1,0,0.0,0,0,0,-9999.0,0.5,1,P5_CV0,3,1,1,0,2
6,2545325.475,726552.0418,R6_F6_m-1f-1_P6_Y-1_U7,-9999,-9999,FXX,1,53.31133046778898,0,0,0.0,0,0,0,-9999.0,0.5,1,P5_CV0,3,1,1,1,1
6,2545325.475,726552.0418,R6_F6_m-1f-1_P6_Y-1_U8,-9999,-9999,MXY,1,53.31133046778898,0,0,0.0,0,0,0,-9999.0,1.0,1,P5_CV0,3,2,0,1,1
6,2545325.475,726552.0418,R6_F6_m-1f-1_P6_Y-1_U9,-9999,-9999,FXX,1,53.31133046778898,0,0,0.0,0,0,0,-9999.0,0.5,1,P5_CV0,3,1,1,0,2
6,2545325.475,726552.0418,R6_F6_m-1f-1_P6_Y-1_U10,-9999,-9999,FXX,1,53.31133046778898,0,0,0.0,0,0,0,-9999.0,0.5,1,P5_CV0,3,1,1,1,1
6,2545325.475,726552.0418,R6_F6_m-1f-1_P6_Y-1_U11,-9999,-9999,FXX,1,53.31133046778898,0,0,0.0,0,0,0,-9999.0,1.0,1,P5_CV0,3,2,0,1,1
6,2545325.475,726552.0418,R6_F6_m-1f-1_P6_Y-1_U12,-9999,-9999,MXY,2,69.03859159270921,1,0,0.0,0,0,0,-9999.0,0.0,1,P5_CV0,3,0,2,1,1
6,2545325.475,726552.0418,R6_F6_m-1f-1_P6_Y-1_U13,-9999,-9999,FXX,1,53.31133046778898,0,0,0.0,0,0,0,-9999.0,0.5,1,P5_CV0,3,1,1,1,1
6,2545325.475,726552.0418,R6_F6_m-1f-1_P6_Y-1_U14,-9999,-9999,FXX,2,91.4355915927092,1,0,0.0,0,0,0,-9999.0,1.0,1,P5_CV0,3,2,0,0,2
6,2545325.475,726552.0418,R6_F6_m-1f-1_P6_Y-1_U15,-9999,-9999,MXY,2,65.88959159270921,1,0,0.0,0,0,0,-9999.0,1.0,1,P5_CV0,3,2,0,0,2
6,2545325.475,726552.0418,R6_F6_m-1f-1_P6_Y-1_U16,-9999,-9999,FXX,3,110.14985712327892,1,0,1.0,0,0,0,-9999.0,0.5,1,P5_CV0,3,1,1,2,0
6,2545325.475,726552.0418,R6_F6_m-1f-1_P6_Y-1_U17,-9999,-9999,MXY,2,71.88659159270921,1,0,0.0,0,0,0,-9999.0,0.5,1,P5_CV0,3,1,1,1,1
6,2545325.475,726552.0418,R6_F6_m-1f-1_P6_Y-1_U18,-9999,-9999,FXX,2,76.02959159270921,1,0,3.0,0,0,0,-9999.0,0.5,1,P5_CV0,3,1,1,1,1
6,2545325.475,726552.0418,R6_F6_m-1f-1_P6_Y-1_U19,-9999,-9999,FXX,3,110.14985712327892,1,0,0.0,0,0,0,-9999.0,0.5,1,P5_CV0,3,1,1,0,2
6,2545325.475,726552.0418,R6_F6_m-1f-1_P6_Y-1_U20,-9999,-9999,MXY,2,82.02059159270921,1,0,0.0,0,0,0,-9999.0,0.5,1,P5_CV0,3,1,1,1,1
6,2545325.475,726552.0418,R6_F6_m-1f-1_P6_Y-1_U21,-9999,-9999,FXX,1,53.31133046778898,0,0,0.0,0,0,0,-9999.0,1.0,1,P5_CV0,3,2,0,1,1
6,2545325.475,726552.0418,R6_F6_m-1f-1_P6_Y-1_U22,-9999,-9999,MXY,2,80.2545915927092,1,0,0.0,0,0,0,-9999.0,0.0,1,P5_CV0,3,0,2,0,2
6,2545325.475,726552.0418,R6_F6_m-1f-1_P6_Y-1_U23,-9999,-9999,FXX,2,75.1265915927092,1,0,0.0,0,0,0,-9999.0,0.5,1,P5_CV0,3,1,1,0,2
6,2545325.475,726552.0418,R6_F6_m-1f-1_P6_Y-1_U24,-9999,-9999,MXY,1,53.31133046778898,0,0,0.0,0,0,0,-9999.0,0.5,1,P5_CV0,3,1,1,0,2
6,2545325.475,726552.0418,R6_F6_m-1f-1_P6_Y-1_U25,-9999,-9999,FXX,1,53.31133046778898,0,0,0.0,0,0,0,-9999.0,0.0,1,P5_CV0,3,0,2,1,1
6,2545325.475,726552.0418,R6_F6_m-1f-1_P6_Y-1_U26,-9999,-9999,FXX,1,53.31133046778898,0,0,0.0,0,0,0,-9999.0,1.0,1,P5_CV0,3,2,0,1,1
6,2545325.475,726552.0418,R6_F6_m-1f-1_P6_Y-1_U27,-9999,-9999,FXX,2,73.27659159270921,1,0,0.0,0,0,0,-9999.0,0.0,1,P5_CV0,3,0,2,0,2
6,2545325.475,726552.0418,R6_F6_m-1f-1_P6_Y-1_U28,-9999,-9999,FXX,1,53.31133046778898,0,0,0.0,0,0,0,-9999.0,1.0,1,P5_CV0,3,2,0,2,0
6,2545325.475,726552.0418,R6_F6_m-1f-1_P6_Y-1_U29,-9999,-9999,MXY,1,53.31133046778898,0,0,0.0,0,0,0,-9999.0,0.5,1,P5_CV0,3,1,1,1,1
6,2545325.475,726552.0418,R6_F6_m-1f-1_P6_Y-1_U30,-9999,-9999,FXX,2,78.4245915927092,1,0,2.0,0,0,0,-9999.0,0.5,1,P5_CV0,3,1,1,2,0
6,2545325.475,726552.0418,R6_F6_m-1f-1_P6_Y-1_U31,-9999,-9999,FXX,2,77.6535915927092,1,0,1.0,0,0,0,-9999.0,0.0,1,P5_CV0,3,0,2,1,1
6,2545325.475,726552.0418,R6_F6_m-1f-1_P6_Y-1_U32,-9999,-9999,FXX,1,53.31133046778898,0,0,0.0,0,0,0,-9999.0,0.5,1,P5_CV0,3,1,1,1,1
6,2545325.475,726552.0418,R6_F6_m-1f-1_P6_Y-1_U33,-9999,-9999,MXY,4,157.15819100579787,1,0,0.0,0,0,0,-9999.0,0.5,1,P5_CV0,3,1,1,2,0
6,2545325.475,726552.0418,R6_F6_m-1f-1_P6_Y-1_U34,-9999,-9999,MXY,3,110.14985712327892,1,0,0.0,0,0,0,-9999.0,1.0,1,P5_CV0,3,2,0,0,2
6,2545325.475,726552.0418,R6_F6_m-1f-1_P6_Y-1_U35,-9999,-9999,MXY,1,53.31133046778898,0,0,0.0,0,0,0,-9999.0,0.5,1,P5_CV0,3,1,1,2,0
6,2545325.475,726552.0418,R6_F6_m-1f-1_P6_Y-1_U36,-9999,-9999,MXY,4,154.7571910057979,1,0,0.0,0,0,0,-9999.0,0.0,1,P5_CV0,3,0,2,1,1
6,2545325.475,726552.0418,R6_F6_m-1f-1_P6_Y-1_U37,-9999,-9999,FXX,1,53.31133046778898,0,0,0.0,0,0,0,-9999.0,1.0,1,P5_CV0,3,2,0,0,2
6,2545325.475,726552.0418,R6_F6_m-1f-1_P6_Y-1_U38,-9999,-9999,MXY,3,110.14985712327892,1,0,0.0,0,0,0,-9999.0,1.0,1,P5_CV0,3,2,0,1,1
6,2545325.475,726552.0418,R6_F6_m-1f-1_P6_Y-1_U39,-9999,-9999,MXY,1,53.31133046778898,0,0,0.0,0,0,0,-9999.0,1.0,1,P5_CV0,3,2,0,0,2
6,2545325.475,726552.0418,R6_F6_m-1f-1_P6_Y-1_U40,-9999,-9999,MXY,3,110.14985712327892,1,0,0.0,0,0,0,-9999.0,0.0,1,P5_CV0,3,0,2,1,1
6,2545325.475,726552.0418,R6_F6_m-1f-1_P6_Y-1_U41,-9999,-9999,MXY,1,53.31133046778898,0,0,0.0,0,0,0,-9999.0,0.5,1,P5_CV0,3,1,1,1,1
6,2545325.475,726552.0418,R6_F6_m-1f-1_P6_Y-1_U42,-9999,-9999,MXY,3,110.14985712327892,1,0,0.0,0,0,0,-9999.0,1.0,1,P5_CV0,3,2,0,2,0
6,2545325.475,726552.0418,R6_F6_m-1f-1_P6_Y-1_U43,-9999,-9999,FXX,1,53.31133046778898,0,0,0.0,0,0,0,-9999.0,1.0,1,P5_CV0,3,2,0,1,1
6,2545325.475,726552.0418,R6_F6_m-1f-1_P6_Y-1_U44,-9999,-9999,FXX,1,53.31133046778898,0,0,0.0,0,0,0,-9999.0,0.5,1,P5_CV0,3,1,1,1,1
6,2545325.475,726552.0418,R6_F6_m-1f-1_P6_Y-1_U45,-9999,-9999,FXX,2,74.86759159270922,1,0,0.0,0,0,0,-9999.0,0.5,1,P5_CV0,3,1,1,0,2
6,2545325.475,726552.0418,R6_F6_m-1f-1_P6_Y-1_U46,-9999,-9999,FXX,1,53.31133046778898,0,0,0.0,0,0,0,-9999.0,0.5,1,P5_CV0,3,1,1,2,0
6,2545325.475,726552.0418,R6_F6_m-1f-1_P6_Y-1_U47,-9999,-9999,MXY,1,53.31133046778898,0,0,0.0,0,0,0,-9999.0,1.0,1,P5_CV0,3,2,0,0,2
6,2545325.475,726552.0418,R6_F6_m-1f-1_P6_Y-1_U48,-9999,-9999,MXY,4,130.5731910057979,1,0,0.0,0,0,0,-9999.0,1.0,1,P5_CV0,3,2,0,0,2
6,2545325.475,726552.0418,R6_F6_m-1f-1_P6_Y-1_U49,-9999,-9999,MXY,1,53.31133046778898,0,0,0.0,0,0,0,-9999.0,1.0,1,P5_CV0,3,2,0,0,2
6,2545325.475,726552.0418,R6_F6_m-1f-1_P6_Y-1_U50,-9999,-9999,FXX,1,53.31133046778898,0,0,0.0,0,0,0,-9999.0,0.5,1,P5_CV0,3,1,1,1,1
6,2545325.475,726552.0418,R6_F6_m-1f-1_P6_Y-1_U51,-9999,-9999,MXY,2,71.49359159270921,1,0,0.0,0,0,0,-9999.0,0.5,1,P5_CV0,3,1,1,2,0
6,2545325.475,726552.0418,R6_F6_m-1f-1_P6_Y-1_U52,-9999,-9999,FXX,2,81.20559159270921,1,0,1.0,0,0,0,-9999.0,0.0,1,P5_CV0,3,0,2,0,2
6,2545325.475,726552.0418,R6_F6_m-1f-1_P6_Y-1_U53,-9999,-9999,MXY,1,53.31133046778898,0,0,0.0,0,0,0,-9999.0,0.0,1,P5_CV0,3,0,2,0,2
6,2545325.475,726552.0418,R6_F6_m-1f-1_P6_Y-1_U54,-9999,-9999,FXX,3,110.14985712327892,1,0,0.0,0,0,0,-9999.0,1.0,1,P5_CV0,3,2,0,1,1
6,2545325.475,726552.0418,R6_F6_m-1f-1_P6_Y-1_U55,-9999,-9999,MXY,1,53.31133046778898,0,0,0.0,0,0,0,-9999.0,1.0,1,P5_CV0,3,2,0,1,1
6,2545325.475,726552.0418,R6_F6_m-1f-1_P6_Y-1_U56,-9999,-9999,FXX,1,53.31133046778898,0,0,0.0,0,0,0,-9999.0,0.5,1,P5_CV0,3,1,1,1,1
6,2545325.475,726552.0418,R6_F6_m-1f-1_P6_Y-1_U57,-9999,-9999,FXX,3,110.14985712327892,1,0,1.0,0,0,0,-9999.0,0.5,1,P5_CV0,3,1,1,1,1
6,2545325.475,726552.0418,R6_F6_m-1f-1_P6_Y-1_U58,-9999,-9999,FXX,1,53.31133046778898,0,0,0.0,0,0,0,-9999.0,0.5,1,P5_CV0,3,1,1,0,2
6,2545325.475,726552.0418,R6_F6_m-1f-1_P6_Y-1_U59,-9999,-9999,MXY,1,53.31133046778898,0,0,0.0,0,0,0,-9999.0,1.0,1,P5_CV0,3,2,0,1,1
6,2545325.475,726552.0418,R6_F6_m-1f-1_P6_Y-1_U60,-9999,-9999,MXY,1,53.31133046778898,0,0,0.0,0,0,0,-9999.0,0.5,1,P5_CV0,3,1,1,1,1
6,2545325.475,726552.0418,R6_F6_m-1f-1_P6_Y-1_U61,-9999,-9999,MXY,1,53.31133046778898,0,0,0.0,0,0,0,-9999.0,0.0,1,P5_CV0,3,0,2,1,1
6,2545325.475,726552.0418,R6_F6_m-1f-1_P6_Y-1_U62,-9999,-9999,MXY,1,53.31133046778898,0,0,0.0,0,0,0,-9999.0,1.0,1,P5_CV0,3,2,0,1,1
6,2545325.475,726552.0418,R6_F6_m-1f-1_P6_Y-1_U63,-9999,-9999,MXY,1,53.31133046778898,0,0,0.0,0,0,0,-9999.0,1.0,1,P5_CV0,3,2,0,1,1
6,2545325.475,726552.0418,R6_F6_m-1f-1_P6_Y-1_U64,-9999,-9999,MXY,1,53.31133046778898,0,0,0.0,0,0,0,-9999.0,0.0,1,P5_CV0,3,0,2,2,0
6,2545325.475,726552.0418,R6_F6_m-1f-1_P6_Y-1_U65,-9999,-9999,MXY,1,53.31133046778898,0,0,0.0,0,0,0,-9999.0,0.5,1,P5_CV0,3,1,1,1,1
6,2545325.475,726552.0418,R6_F6_m-1f-1_P6_Y-1_U66,-9999,-9999,FXX,1,53.31133046778898,0,0,0.0,0,0,0,-9999.0,0.0,1,P5_CV0,3,0,2,0,2
6,2545325.475,726552.0418,R6_F6_m-1f-1_P6_Y-1_U67,-9999,-9999,MXY,1,53.31133046778898,0,0,0.0,0,0,0,-9999.0,0.5,1,P5_CV0,3,1,1,0,2
6,2545325.475,726552.0418,R6_F6_m-1f-1_P6_Y-1_U68,-9999,-9999,FXX,1,53.31133046778898,0,0,0.0,0,0,0,-9999.0,0.5,1,P5_CV0,3,1,1,2,0
6,2545325.475,726552.0418,R6_F6_m-1f-1_P6_Y-1_U69,-9999,-9999,MXY,1,53.31133046778898,0,0,0.0,0,0,0,-9999.0,0.0,1,P5_CV0,3,0,2,0,2
6,2545325.475,726552.0418,R6_F6_m-1f-1_P6_Y-1_U70,-9999,-9999,FXX,1,53.31133046778898,0,0,0.0,0,0,0,-9999.0,0.5,1,P5_CV0,3,1,1,2,0
6,2545325.475,726552.0418,R6_F6_m-1f-1_P6_Y-1_U71,-9999,-9999,MXY,2,80.45359159270922,1,0,0.0,0,0,0,-9999.0,1.0,1,P5_CV0,3,2,0,0,2
6,2545325.475,726552.0418,R6_F6_m-1f-1_P6_Y-1_U72,-9999,-9999,FXX,2,82.26459159270921,1,0,1.0,0,0,0,-9999.0,0.0,1,P5_CV0,3,0,2,1,1
6,2545325.475,726552.0418,R6_F6_m-1f-1_P6_Y-1_U73,-9999,-9999,FXX,1,53.31133046778898,0,0,0.0,0,0,0,-9999.0,0.5,1,P5_CV0,3,1,1,0,2
6,2545325.475,726552.0418,R6_F6_m-1f-1_P6_Y-1_U74,-9999,-9999,MXY,2,77.80359159270921,1,0,0.0,0,0,0,-9999.0,0.5,1,P5_CV0,3,1,1,1,1
6,2545325.475,726552.0418,R6_F6_m-1f-1_P6_Y-1_U75,-9999,-9999,FXX,2,72.56859159270921,1,0,0.0,0,0,0,-9999.0,0.5,1,P5_CV0,3,1,1,1,1
6,2545325.475,726552.0418,R6_F6_m-1f-1_P6_Y-1_U76,-9999,-9999,MXY,1,53.31133046778898,0,0,0.0,0,0,0,-9999.0,0.5,1,P5_CV0,3,1,1,0,2
6,2545325.475,726552.0418,R6_F6_m-1f-1_P6_Y-1_U77,-9999,-9999,MXY,5,187.52048748119782,1,0,0.0,0,0,0,-9999.0,0.5,1,P5_CV0,3,1,1,1,1
6,2545325.475,726552.0418,R6_F6_m-1f-1_P6_Y-1_U78,-9999,-9999,FXX,1,53.31133046778898,0,0,0.0,0,0,0,-9999.0,1.0,1,P5_CV0,3,2,0,0,2
6,2545325.475,726552.0418,R6_F6_m-1f-1_P6_Y-1_U79,-9999,-9999,FXX,1,53.31133046778898,0,0,0.0,0,0,0,-9999.0,0.0,1,P5_CV0,3,0,2,2,0
6,2545325.475,726552.0418,R6_F6_m-1f-1_P6_Y-1_U80,-9999,-9999,MXY,2,73.22059159270921,1,0,0.0,0,0,0,-9999.0,0.0,1,P5_CV0,3,0,2,1,1
6,2545325.475,726552.0418,R6_F6_m-1f-1_P6_Y-1_U81,-9999,-9999,FXX,1,53.31133046778898,0,0,0.0,0,0,0,-9999.0,0.0,1,P5_CV0,3,0,2,1,1
6,2545325.475,726552.0418,R6_F6_m-1f-1_P6_Y-1_U82,-9999,-9999,MXY,2,76.79259159270921,1,0,0.0,0,0,0,-9999.0,0.0,1,P5_CV0,3,0,2,2,0
6,2545325.475,726552.0418,R6_F6_m-1f-1_P6_Y-1_U83,-9999,-9999,MXY,1,53.31133046778898,0,0,0.0,0,0,0,-9999.0,0.0,1,P5_CV0,3,0,2,1,1
6,2545325.475,726552.0418,R6_F6_m-1f-1_P6_Y-1_U84,-9999,-9999,MXY,1,53.31133046778898,0,0,0.0,0,0,0,-9999.0,0.0,1,P5_CV0,3,0,2,1,1
6,2545325.475,726552.0418,R6_F6_m-1f-1_P6_Y-1_U85,-9999,-9999,MXY,2,79.95259159270921,1,0,0.0,0,0,0,-9999.0,1.0,1,P5_CV0,3,2,0,0,2
6,2545325.475,726552.0418,R6_F6_m-1f-1_P6_Y-1_U86,-9999,-9999,MXY,1,53.31133046778898,0,0,0.0,0,0,0,-9999.0,0.5,1,P5_CV0,3,1,1,1,1
6,2545325.475,726552.0418,R6_F6_m-1f-1_P6_Y-1_U87,-9999,-9999,FXX,5,150.21748748119782,1,0,1.0,0,0,0,-9999.0,0.5,1,P5_CV0,3,1,1,2,0
6,2545325.475,726552.0418,R6_F6_m-1f-1_P6_Y-1_U88,-9999,-9999,FXX,1,53.31133046778898,0,0,0.0,0,0,0,-9999.0,0.0,1,P5_CV0,3,0,2,1,1
6,2545325.475,726552.0418,R6_F6_m-1f-1_P6_Y-1_U89,-9999,-9999,MXY,1,53.31133046778898,0,0,0.0,0,0,0,-9999.0,1.0,1,P5_CV0,3,2,0,0,2
6,2545325.475,726552.0418,R6_F6_m-1f-1_P6_Y-1_U90,-9999,-9999,FXX,2,75.51759159270921,1,0,3.0,0,0,0,-9999.0,0.0,1,P5_CV0,3,0,2,1,1
6,2545325.475,726552.0418,R6_F6_m-1f-1_P6_Y-1_U91,-9999,-9999,MXY,1,53.31133046778898,0,0,0.0,0,0,0,-9999.0,0.5,1,P5_CV0,3,1,1,1,1
6,2545325.475,726552.0418,R6_F6_m-1f-1_P6_Y-1_U92,-9999,-9999,FXX,1,53.31133046778898,0,0,0.0,0,0,0,-9999.0,1.0,1,P5_CV0,3,2,0,2,0
6,2545325.475,726552.0418,R6_F6_m-1f-1_P6_Y-1_U93,-9999,-9999,MXY,1,53.31133046778898,0,0,0.0,0,0,0,-9999.0,1.0,1,P5_CV0,3,2,0,2,0
6,2545325.475,726552.0418,R6_F6_m-1f-1_P6_Y-1_U94,-9999,-9999,FXX,1,53.31133046778898,0,0,0.0,0,0,0,-9999.0,0.0,1,P5_CV0,3,0,2,1,1
6,2545325.475,726552.0418,R6_F6_m-1f-1_P6_Y-1_U95,-9999,-9999,FXX,1,53.31133046778898,0,0,0.0,0,0,0,-9999.0,0.5,1,P5_CV0,3,1,1,0,2
6,2545325.475,726552.0418,R6_F6_m-1f-1_P6_Y-1_U96,-9999,-9999,MXY,1,53.31133046778898,0,0,0.0,0,0,0,-9999.0,0.5,1,P5_CV0,3,1,1,1,1
6,2545325.475,726552.0418,R6_F6_m-1f-1_P6_Y-1_U97,-9999,-9999,FXX,2,70.57859159270922,1,0,1.0,0,0,0,-9999.0,1.0,1,P5_CV0,3,2,0,1,1
6,2545325.475,726552.0418,R6_F6_m-1f-1_P6_Y-1_U98,-9999,-9999,FXX,1,53.31133046778898,0,0,0.0,0,0,0,-9999.0,0.0,1,P5_CV0,3,0,2,2,0
6,2545325.475,726552.0418,R6_F6_m-1f-1_P6_Y-1_U99,-9999,-9999,MXY,4,137.25519100579788,1,0,0.0,0,0,0,-9999.0,0.0,1,P5_CV0,3,0,2,1,1
6,2545325.475,726552.0418,R6_F6_m-1f-1_P6_Y-1_U100,-9999,-9999,FXX,5,134.7904874811978,1,0,2.0,0,0,0,-9999.0,0.5,1,P5_CV0,3,1,1,2,0
6,2545325.475,726552.0418,R6_F6_m-1f-1_P6_Y-1_U101,-9999,-9999,MXY,1,53.31133046778898,0,0,0.0,0,0,0,-9999.0,0.0,1,P5_CV0,3,0,2,1,1
6,2545325.475,726552.0418,R6_F6_m-1f-1_P6_Y-1_U102,-9999,-9999,MXY,4,123.29219100579787,1,0,0.0,0,0,0,-9999.0,1.0,1,P5_CV0,3,2,0,0,2
6,2545325.475,726552.0418,R6_F6_m-1f-1_P6_Y-1_U103,-9999,-9999,MXY,3,110.14985712327892,1,0,0.0,0,0,0,-9999.0,0.0,1,P5_CV0,3,0,2,2,0
6,2545325.475,726552.0418,R6_F6_m-1f-1_P6_Y-1_U104,-9999,-9999,FXX,4,134.97919100579787,1,0,0.0,0,0,0,-9999.0,0.5,1,P5_CV0,3,1,1,0,2
6,2545325.475,726552.0418,R6_F6_m-1f-1_P6_Y-1_U105,-9999,-9999,FXX,2,71.00859159270921,1,0,1.0,0,0,0,-9999.0,0.0,1,P5_CV0,3,0,2,2,0
6,2545325.475,726552.0418,R6_F6_m-1f-1_P6_Y-1_U106,-9999,-9999,FXX,1,53.31133046778898,0,0,0.0,0,0,0,-9999.0,0.5,1,P5_CV0,3,1,1,0,2
6,2545325.475,726552.0418,R6_F6_m-1f-1_P6_Y-1_U107,-9999,-9999,MXY,1,53.31133046778898,0,0,0.0,0,0,0,-9999.0,0.0,1,P5_CV0,3,0,2,1,1
6,2545325.475,726552.0418,R6_F6_m-1f-1_P6_Y-1_U108,-9999,-9999,MXY,1,53.31133046778898,0,0,0.0,0,0,0,-9999.0,1.0,1,P5_CV0,3,2,0,0,2
6,2545325.475,726552.0418,R6_F6_m-1f-1_P6_Y-1_U109,-9999,-9999,MXY,1,53.31133046778898,0,0,0.0,0,0,0,-9999.0,0.5,1,P5_CV0,3,1,1,1,1
6,2545325.475,726552.0418,R6_F6_m-1f-1_P6_Y-1_U110,-9999,-9999,FXX,5,155.6494874811978,1,0,1.0,0,0,0,-9999.0,1.0,1,P5_CV0,3,2,0,1,1
6,2545325.475,726552.0418,R6_F6_m-1f-1_P6_Y-1_U111,-9999,-9999,FXX,2,71.49259159270922,1,0,4.0,0,0,0,-9999.0,1.0,1,P5_CV0,3,2,0,1,1
6,2545325.475,726552.0418,R6_F6_m-1f-1_P6_Y-1_U112,-9999,-9999,FXX,1,53.31133046778898,0,0,0.0,0,0,0,-9999.0,1.0,1,P5_CV0,3,2,0,1,1
6,2545325.475,726552.0418,R6_F6_m-1f-1_P6_Y-1_U113,-9999,-9999,FXX,1,53.31133046778898,0,0,0.0,0,0,0,-9999.0,1.0,1,P5_CV0,3,2,0,1,1
6,2545325.475,726552.0418,R6_F6_m-1f-1_P6_Y-1_U114,-9999,-9999,FXX,2,76.20059159270922,1,0,0.0,0,0,0,-9999.0,1.0,1,P5_CV0,3,2,0,1,1
6,2545325.475,726552.0418,R6_F6_m-1f-1_P6_Y-1_U115,-9999,-9999,MXY,5,166.6194874811978,1,0,0.0,0,0,0,-9999.0,0.5,1,P5_CV0,3,1,1,1,1
6,2545325.475,726552.0418,R6_F6_m-1f-1_P6_Y-1_U116,-9999,-9999,FXX,6,170.95002189503964,1,0,2.0,0,0,0,-9999.0,0.5,1,P5_CV0,3,1,1,1,1
6,2545325.475,726552.0418,R6_F6_m-1f-1_P6_Y-1_U117,-9999,-9999,MXY,5,168.3684874811978,1,0,0.0,0,0,0,-9999.0,1.0,1,P5_CV0,3,2,0,1,1
6,2545325.475,726552.0418,R6_F6_m-1f-1_P6_Y-1_U118,-9999,-9999,FXX,3,110.14985712327892,1,0,2.0,0,0,0,-9999.0,0.5,1,P5_CV0,3,1,1,0,2
6,2545325.475,726552.0418,R6_F6_m-1f-1_P6_Y-1_U119,-9999,-9999,MXY,1,53.31133046778898,0,0,0.0,0,0,0,-9999.0,0.5,1,P5_CV0,3,1,1,2,0
6,2545325.475,726552.0418,R6_F6_m-1f-1_P6_Y-1_U120,-9999,-9999,MXY,5,164.53748748119781,1,0,0.0,0,0,0,-9999.0,0.5,1,P5_CV0,3,1,1,1,1
6,2545325.475,726552.0418,R6_F6_m-1f-1_P6_Y-1_U121,-9999,-9999,MXY,1,53.31133046778898,0,0,0.0,0,0,0,-9999.0,0.5,1,P5_CV0,3,1,1,2,0
6,2545325.475,726552.0418,R6_F6_m-1f-1_P6_Y-1_U122,-9999,-9999,MXY,1,53.31133046778898,0,0,0.0,0,0,0,-9999.0,0.5,1,P5_CV0,3,1,1,0,2
6,2545325.475,726552.0418,R6_F6_m-1f-1_P6_Y-1_U123,-9999,-9999,MXY,3,110.14985712327892,1,0,0.0,0,0,0,-9999.0,0.0,1,P5_CV0,3,0,2,1,1
6,2545325.475,726552.0418,R6_F6_m-1f-1_P6_Y-1_U124,-9999,-9999,MXY,1,53.31133046778898,0,0,0.0,0,0,0,-9999.0,1.0,1,P5_CV0,3,2,0,1,1
